205,184,39,254,227,68,156,204,58,177,129,243,106,133,8,165,44,179,225,5,76,12,130,219,139,250,183,198,236,128,255,97,133,32,172,186,169,111,192,25,175,85,165,79,73,138,223,37,255,32,
117,150,13,64,141,60,128,76,22,60,170,49,5,114,247,75,44,33,7,241,48,93,224,70,201,28,235,223,216,96,198,35,113,140,117,48,106,54,239,4,102,26,24,24,176,144,24,237,198,161,
217,27,158,209,175,9,166,244,101,18,203,191,81,154,186,32,87,147,87,119,247,182,75,32,34,63,0,47,88,199,101,235,144,232,111,64,135,224,133,98,197,137,86,171,170,133,32,139,105,120,
17,46,180,20,42,69,184,150,175,101,142,25,213,188,43,24,13,193,132,54,209,32,136,239,147,196,201,156,118,32,124,236,172,173,233,41,104,39,183,251,121,112,152,225,99,241,237,194,132,150,
24,30,82,9,237,151,151,223,151,168,229,84,95,84,216,109,103,129,8,233,126,60,44,122,114,127,71,19,34,82,142,168,166,211,204,54,148,234,0,120,193,57,219,82,230,163,148,215,83,88,
116,123,109,54,1,198,17,201,60,129,254,218,205,7,44,4,187,169,201,53,209,74,111,190,188,124,224,128,67,73,113,219,182,242,244,57,20,103,58,245,201,177,33,80,249,170,67,150,157,100,
105,125,206,99,153,33,246,172,105,11,130,72,24,21,135,238,167,41,23,19,138,179,152,149,86,245,184,50,192,223,193,249,194,234,22,163,182,248,40,41,163,73,127,92,255,109,102,48,176,119,
95,44,81,181,194,32,48,42,131,211,41,154,215,187,191,242,27,180,152,16,49,97,34,99,145,68,29,207,163,115,95,170,22,23,92,69,64,195,203,55,119,104,124,219,131,116,216,7,32,159,
244,94,111,245,129,203,142,243,206,75,165,42,219,145,211,222,198,241,212,70,83,18,225,180,76,238,218,9,138,134,95,199,138,174,43,68,64,237,2,169,6,184,197,63,255,43,50,184,199,78,
127,206,68,212,145,55,10,136,102,171,184,202,101,151,18,51,30,204,173,120,150,186,202,16,14,245,14,52,205,107,27,153,54,210,36,185,91,90,47,0,82,75,79,200,197,123,19,216,40,148,
231,107,15,210,74,130,198,35,153,199,222,144,202,136,215,174,46,150,201,192,129,13,149,200,121,41,28,149,115,133,214,163,18,236,34,122,217,231,10,88,240,232,54,180,96,237,96,11,223,89,
20,86,236,115,147,188,52,243,113,128,19,200,228,240,154,156,184,60,176,254,237,51,176,205,108,198,86,189,95,173,121,198,110,63,101,90,58,43,154,203,121,204,235,38,3,96,14,102,201,53,
185,10,91,18,150,125,46,202,17,242,249,60,116,189,67,15,45,85,231,83,45,128,155,64,38,11,42,115,60,245,183,24,229,165,191,69,78,16,73,187,43,46,94,144,153,125,147,206,56,13,
79,139,91,25,203,191,94,188,118,217,103,223,23,132,80,92,174,152,40,12,132,137,223,88,112,113,225,250,164,13,192,71,122,204,36,157,253,144,163,187,222,176,62,42,60,73,62,73,11,83,
172,113,152,145,42,124,89,63,94,228,49,210,42,92,96,147,1,248,182,36,26,35,128,80,168,37,40,139,76,54,252,9,172,225,145,113,233,227,46,213,110,67,245,135,19,150,234,244,107,220,
130,207,8,240,228,153,243,212,158,1,83,234,163,96,9,213,148,26,119,253,70,4,29,129,199,9,220,184,36,103,45,19,53,199,185,203,148,54,212,224,204,88,126,26,232,185,134,36,142,234,
117,244,206,101,253,136,179,209,104,195,56,96,84,195,180,146,85,223,159,4,161,187,144,124,141,12,213,220,17,38,125,44,52,183,10,196,15,5,103,178,189,127,57,2,214,64,172,111,170,81,
246,176,146,252,170,4,203,97,223,26,166,170,249,200,200,56,79,62,14,60,225,251,225,131,21,75,83,128,216,151,52,143,98,224,70,15,38,253,79,110,8,31,103,95,120,232,52,237,241,76,
76,185,206,204,10,110,251,211,253,243,177,34,24,246,158,168,184,80,59,118,13,150,65,81,201,186,26,92,29,32,159,61,169,9,38,74,69,188,75,184,117,120,43,21,113,171,145,188,184,33,
35,167,213,134,142,19,169,102,38,253,95,127,79,34,77,12,118,214,226,34,181,157,194,60,189,172,106,57,182,211,118,3,7,21,218,148,55,75,228,42,69,198,88,38,129,63,219,189,1,195,
175,123,63,160,143,246,69,20,162,78,215,197,10,224,220,64,108,177,33,135,144,167,81,101,54,0,254,212,99,81,59,21,129,106,42,242,228,81,145,217,250,65,231,141,223,125,14,64,125,16,
148,163,19,180,238,230,134,124,37,178,220,58,87,136,240,109,66,62,249,170,255,1,131,79,34,213,209,178,62,124,46,98,11,88,125,48,135,182,53,196,213,97,8,55,135,211,19,169,177,74,
79,17,108,67,74,66,235,226,47,120,179,244,15,183,97,33,37,210,23,163,181,59,112,186,163,184,39,53,219,226,195,72,51,60,233,17,234,247,200,176,87,221,32,230,208,83,109,221,23,74,
241,120,98,203,219,144,111,3,156,140,50,18,226,25,202,148,210,26,84,157,117,174,129,240,39,93,18,124,104,37,36,5,71,220,58,150,99,180,248,32,162,248,75,204,3,39,74,165,182,173,
199,148,161,29,49,46,151,254,185,251,180,198,67,71,61,149,244,208,81,228,79,38,240,128,130,250,22,229,110,39,32,221,55,234,1,43,84,134,163,200,98,63,105,216,228,227,130,184,250,61,
117,72,190,211,117,163,24,217,99,244,90,154,159,136,39,228,80,229,88,3,85,166,243,78,171,235,32,133,245,107,59,85,76,2,53,35,48,168,110,7,179,174,230,198,149,83,239,156,158,210,
150,31,96,174,243,107,73,88,9,196,114,183,188,104,119,208,157,160,126,93,199,15,245,95,3,176,33,123,165,194,166,105,65,100,212,111,35,4,40,25,90,87,23,131,201,255,10,42,103,101,
226,127,153,138,130,190,49,130,15,187,60,121,46,235,137,70,184,77,38,183,233,209,127,106,64,52,39,183,198,84,166,57,197,65,43,0,96,47,46,133,38,229,65,17,79,232,255,101,95,230,
30,120,227,119,106,231,63,117,0,22,171,166,161,12,58,151,228,173,8,40,220,216,46,161,124,142,64,174,73,43,69,141,46,162,231,181,230,130,71,171,102,103,86,224,54,243,230,138,195,24,
188,140,241,159,241,167,3,81,179,16,2,95,170,114,75,83,86,146,34,174,62,0,252,118,129,204,183,47,23,124,178,213,53,13,113,108,19,40,163,231,253,84,63,177,123,156,83,219,14,243,
220,83,36,136,33,250,117,96,162,23,200,158,14,253,135,202,4,69,223,96,112,219,58,4,107,76,30,224,101,13,65,144,29,149,113,225,18,215,166,119,106,178,185,195,65,238,60,240,28,40,
115,73,249,166,69,244,66,121,135,15,122,40,168,118,173,134,73,197,191,227,182,219,241,154,214,151,161,146,69,213,127,7,84,32,39,38,223,111,142,218,112,42,198,145,192,176,103,107,172,110,
194,158,245,134,99,49,57,224,196,226,8,43,33,63,48,226,226,190,127,143,183,76,244,220,226,4,117,194,89,73,154,40,149,73,245,61,61,127,141,142,53,153,244,253,89,47,236,48,181,35,
71,193,170,110,193,165,226,241,114,147,5,192,20,126,103,53,53,97,199,8,54,155,27,3,24,221,86,255,40,250,73,1,54,49,130,222,230,20,90,132,130,242,113,199,48,79,16,117,224,111,
233,170,148,98,115,120,238,67,109,226,67,17,245,10,60,65,87,184,212,16,1,140,177,104,159,190,183,160,124,25,122,250,60,15,212,175,197,175,38,70,12,7,133,47,0,175,248,115,245,72,
90,157,245,175,165,246,190,48,224,124,105,251,234,2,87,132,60,39,197,37,79,235,105,31,104,102,4,154,199,4,183,19,145,185,242,131,91,139,3,40,58,50,196,131,141,82,217,9,127,127,
254,233,125,15,185,197,36,163,162,66,170,84,168,40,83,220,122,243,205,82,42,78,139,53,241,61,45,48,70,30,141,5,226,194,138,103,128,91,86,236,50,58,201,121,255,69,119,63,196,241,
31,160,190,15,117,87,37,0,114,252,220,94,131,94,140,49,78,83,197,192,103,94,72,164,182,188,113,218,84,152,144,206,240,60,246,229,211,176,148,70,3,99,128,60,198,169,101,229,59,98,
43,2,127,29,221,244,86,153,79,228,18,6,48,174,219,191,122,92,78,88,139,196,200,168,155,31,250,102,73,94,238,241,192,179,17,140,170,133,64,135,65,173,13,233,244,82,213,89,149,205,
85,49,146,175,241,26,8,252,126,23,33,11,235,20,240,129,205,184,171,179,157,105,111,248,58,2,215,36,250,188,103,205,174,118,166,21,31,32,152,230,27,76,220,183,88,6,127,228,108,113,
246,7,225,128,69,132,161,161,161,180,106,248,79,27,238,45,15,127,162,76,103,114,59,0,131,81,190,129,97,42,29,198,30,197,181,231,123,18,33,229,238,249,89,34,102,125,220,180,204,146,
13,207,21,165,94,43,168,23,197,12,72,191,115,138,240,108,240,38,248,197,114,230,77,116,241,11,253,44,38,127,131,181,139,40,73,5,180,100,176,212,213,234,82,166,155,79,223,9,23,250,
251,125,234,78,128,2,171,231,37,150,37,167,219,192,12,69,35,217,156,194,121,96,202,126,154,37,33,187,174,3,252,150,141,25,201,119,24,85,192,187,250,4,92,110,157,134,7,96,24,201,
154,170,186,219,94,13,136,39,1,88,200,196,7,149,129,180,228,10,235,101,223,110,244,68,13,194,101,153,241,181,139,74,134,27,226,240,202,132,186,126,188,242,136,1,104,140,94,200,77,86,
213,186,201,224,170,192,197,207,176,217,100,188,172,185,21,240,148,61,253,107,193,42,40,101,11,138,214,162,76,204,23,2,167,65,129,233,133,135,251,61,252,131,17,241,128,203,159,14,225,118,
36,124,147,238,41,39,117,121,211,190,196,55,175,68,202,150,178,43,153,141,202,8,49,39,209,61,210,7,205,193,28,4,181,63,111,238,228,21,117,54,41,210,250,253,61,249,19,202,142,162,
74,4,153,15,237,121,207,232,118,18,39,156,186,214,243,240,1,197,42,32,146,49,65,136,12,106,91,213,69,143,175,88,180,248,235,67,97,67,148,149,191,93,190,242,233,231,219,96,3,110,
151,6,61,96,45,246,216,246,217,148,83,57,206,67,191,104,219,4,57,182,183,28,36,47,4,154,142,97,192,205,44,139,142,231,236,114,164,66,221,240,187,133,239,114,231,44,134,236,182,140,
176,38,122,29,38,82,150,219,46,122,62,177,27,10,132,176,68,66,245,9,214,31,135,231,240,116,17,168,64,122,231,119,42,199,224,20,246,177,44,160,182,52,11,83,6,190,54,74,91,161,
200,25,222,46,197,149,61,165,160,159,254,66,221,46,237,75,242,36,17,221,242,152,110,193,30,81,109,172,62,78,71,134,218,117,163,135,51,1,77,205,111,79,183,130,198,197,62,60,176,79,
