0,0,0,0,0,0,0,-3,10,45,50,26,8,4,4,4,4,4,4,4,4,4,4,3,11,13,-39,-68,-28,0,0,0,0,0,0,0,0,0,0,0,3,2,2,28,53,41,11,4,4,4,4,4,4,4,13,5,-49,-57,-18,0,0,0,0,0,0,0,0,0,0,2,-1,-13,28,72,44,8,4,4,3,4,4,4,4,4,4,4,4,4,12,13,-43,-68,-24,0,0,0,0,0,0,0,0,0,0,0,0,0,0,0,0,0,0,1,-1,-16,28,75,46,9,4,4,4,4,4,17,3,-51,-59,-15,0,-1,0,0,0,0,0,0,0,0,0,0,0,2,-7,4,51,63,23,4,4,4,3,4,4,5,16,5,-51,-63,-18,0,0,0,0,0,0,0,0,0,0,0,0,0,0,0,0,0,0,2,-17,5,60,61,18,2,4,4,4,11,17,-29,-68,-38,-2,0,0,0,0,0,0,
0,0,0,0,0,1,0,-14,-3,36,47,19,7,5,4,4,4,4,4,4,4,4,4,4,15,36,-17,-67,-34,1,0,0,0,0,0,0,0,0,0,0,2,0,-8,19,42,30,7,4,4,4,4,4,4,4,23,27,-29,-58,-20,0,0,0,0,0,0,0,0,0,0,1,-4,-38,4,65,52,11,4,4,3,4,4,4,4,4,4,4,4,2,20,39,-12,-70,-40,-2,-1,0,0,0,0,0,0,0,0,0,0,0,0,0,0,0,0,0,1,-40,-7,65,63,13,4,3,4,4,4,25,34,-31,-68,-23,0,-1,0,0,0,0,0,0,0,0,0,0,0,2,-16,-22,33,64,28,4,3,4,4,4,4,3,26,35,-26,-71,-28,0,0,0,0,0,0,0,0,0,0,0,0,0,0,0,0,0,0,2,-27,-31,40,74,28,4,4,4,3,14,38,3,-61,-53,-6,-1,0,0,0,0,0,
0,0,0,0,0,1,0,-21,-20,24,35,9,3,3,1,2,3,2,2,2,2,2,2,3,13,51,9,-57,-37,1,0,0,0,0,0,0,0,0,0,0,0,-9,-11,12,27,13,3,2,2,2,2,2,2,4,26,49,-9,-48,-20,0,0,0,0,0,0,0,0,0,0,1,0,-53,-33,45,54,12,3,3,2,2,3,2,2,2,2,2,2,3,17,62,32,-53,-56,-8,-1,0,0,0,0,0,0,0,0,0,0,0,0,0,0,0,0,0,3,-47,-50,32,66,19,2,2,1,2,2,27,65,9,-61,-40,-4,-1,0,0,0,0,0,0,0,0,0,0,0,2,-20,-47,5,57,32,4,2,2,2,2,1,1,26,68,12,-61,-42,-3,-1,0,0,0,0,0,0,0,0,0,0,0,0,0,0,0,0,2,-26,-68,3,68,40,5,4,3,3,12,53,39,-41,-56,-10,-1,0,0,0,0,0,
0,0,0,0,0,2,1,-24,-23,26,36,9,1,2,2,2,3,2,2,2,2,2,2,2,13,51,19,-54,-46,0,0,0,0,0,0,0,0,0,0,2,1,-19,-16,16,32,11,2,2,2,2,2,2,2,2,23,47,-6,-49,-24,-1,-1,0,0,0,0,0,0,0,0,0,1,-47,-42,39,57,14,2,3,3,2,2,2,2,2,2,2,2,3,9,51,54,-32,-69,-16,0,0,0,0,0,0,0,0,0,0,0,0,0,0,0,0,0,0,1,-30,-59,14,67,31,3,4,2,2,4,17,63,36,-51,-59,-11,-1,0,0,0,0,0,0,0,0,0,0,0,2,-15,-49,-2,55,34,4,2,3,3,2,2,2,15,59,36,-49,-56,-7,0,0,0,0,0,0,0,0,0,0,0,0,0,0,0,0,0,0,-12,-68,-25,60,54,11,3,2,2,7,40,46,-28,-57,-13,0,-1,0,0,0,0,
0,0,0,0,0,2,1,-27,-17,26,36,8,1,2,3,2,2,2,2,2,2,2,2,1,13,52,27,-48,-49,0,0,0,0,0,0,0,0,0,0,2,2,-20,-16,19,32,9,2,2,2,3,2,2,2,2,21,49,-3,-50,-27,-1,-2,0,0,0,0,0,0,0,0,0,2,-40,-47,29,57,17,2,1,3,2,3,2,2,2,2,2,3,3,3,35,69,-5,-71,-33,-1,0,0,0,0,0,0,0,0,0,0,0,0,0,0,0,0,0,0,-20,-64,-6,67,43,5,4,2,2,2,9,44,58,-28,-68,-21,0,0,0,0,0,0,0,0,0,0,0,0,2,-9,-46,-8,53,37,6,3,2,2,2,2,2,6,46,55,-29,-62,-16,0,-1,0,0,0,0,0,0,0,0,0,0,0,0,0,0,0,0,1,-56,-45,42,63,16,3,2,3,4,32,52,-20,-55,-15,0,-1,0,0,0,0,
0,0,0,0,0,2,-2,-30,-13,32,30,7,1,3,2,2,2,2,2,2,2,2,2,2,11,49,28,-44,-49,0,0,0,0,0,0,0,0,0,0,3,0,-21,-8,27,25,4,2,3,3,2,2,2,2,2,19,50,0,-49,-30,0,-2,0,0,0,0,0,0,0,0,0,2,-34,-47,22,56,18,2,1,2,4,3,2,2,2,2,2,2,2,1,22,65,18,-56,-49,-6,0,0,0,0,0,0,0,0,0,0,0,0,0,0,0,0,0,1,-8,-61,-29,58,57,10,3,3,3,4,4,30,67,-5,-71,-33,0,0,0,0,0,0,0,0,0,0,0,0,2,-4,-47,-14,51,42,7,2,2,2,2,2,3,3,32,62,-14,-65,-23,0,0,0,0,0,0,0,0,0,0,0,0,0,0,0,0,0,0,3,-38,-59,24,66,27,3,2,2,4,30,50,-14,-54,-20,0,0,0,0,0,0,
0,0,0,0,0,2,-5,-32,-6,36,29,4,4,2,3,2,3,2,2,2,2,2,2,1,10,44,30,-41,-47,-2,0,0,0,0,0,0,0,0,0,3,-5,-25,0,31,20,3,3,3,2,2,2,2,2,2,17,51,3,-50,-31,0,-1,0,0,0,0,0,0,0,0,0,3,-29,-48,18,56,22,2,2,2,3,2,2,2,2,2,2,2,2,3,13,57,45,-42,-63,-12,0,0,0,0,0,0,0,0,0,0,0,0,0,0,0,0,0,0,2,-52,-48,39,64,17,3,4,3,2,2,17,60,20,-56,-46,0,0,0,0,0,0,0,0,0,0,0,0,2,-2,-53,-22,51,48,9,2,2,1,1,3,1,3,22,63,5,-59,-34,0,0,0,0,0,0,0,0,0,0,0,0,0,0,0,0,0,0,1,-23,-62,1,68,35,5,2,3,3,27,55,-6,-59,-23,0,0,0,0,0,0,
0,0,0,0,0,2,-10,-33,-3,42,25,4,2,3,2,2,2,2,2,2,2,2,2,3,8,43,34,-38,-48,-2,0,0,0,0,0,0,0,0,0,4,-12,-29,7,43,23,3,2,2,2,2,2,2,2,2,14,50,6,-51,-31,-1,0,0,0,0,0,0,0,0,0,-2,3,-25,-49,13,55,27,2,3,2,2,2,2,2,2,2,2,2,3,3,6,37,61,-22,-66,-24,0,0,0,0,0,0,0,0,0,0,0,0,0,0,0,0,0,0,3,-38,-58,22,68,27,4,3,2,2,3,12,53,38,-43,-55,-6,0,0,0,0,0,0,0,0,0,0,0,1,0,-51,-31,45,53,12,2,2,2,2,3,3,2,16,55,21,-53,-50,-4,-1,0,0,0,0,0,0,0,0,0,0,0,0,0,0,0,0,0,-13,-62,-16,59,49,9,3,2,1,22,58,2,-59,-30,0,0,0,0,0,0,
0,0,0,0,0,2,-14,-33,3,43,26,2,2,2,2,2,2,2,2,2,2,2,3,1,8,38,36,-31,-51,-8,-1,0,0,0,0,0,0,0,0,3,-15,-35,7,47,23,3,2,2,2,2,2,2,2,2,15,48,4,-48,-30,0,0,0,0,0,0,0,0,0,0,-3,2,-23,-50,1,59,32,4,2,2,2,2,2,2,2,2,2,2,2,3,3,26,65,1,-63,-38,-1,-1,0,0,0,0,0,0,0,0,0,0,0,0,0,0,0,-1,3,-25,-61,3,64,32,4,2,2,2,3,6,43,44,-27,-55,-9,0,0,0,0,0,0,0,0,0,0,0,1,1,-46,-42,40,58,14,1,2,2,2,3,2,3,10,53,38,-45,-56,-8,-2,0,0,0,0,0,0,0,0,0,0,0,0,0,0,0,0,0,0,-55,-39,45,61,16,4,2,1,16,56,11,-57,-39,0,-1,0,0,0,0,
0,0,0,0,0,2,-17,-34,8,45,22,3,2,2,2,2,2,2,2,2,2,2,2,2,7,40,44,-29,-54,-10,-2,0,0,0,0,0,0,0,0,3,-16,-37,10,52,24,2,3,2,2,2,2,2,2,2,15,48,4,-48,-32,0,-1,0,0,0,0,0,0,0,0,-3,1,-20,-61,-8,61,43,7,2,3,3,2,2,2,2,2,2,2,2,1,3,15,65,25,-53,-52,-6,-2,0,0,0,0,0,0,0,0,0,0,0,0,0,0,0,-1,2,-14,-60,-12,59,42,5,2,2,2,2,4,33,46,-22,-56,-11,0,0,0,0,0,0,0,0,0,0,0,0,2,-38,-47,29,57,17,1,2,4,3,2,3,1,6,40,46,-31,-59,-13,-2,-1,0,0,0,0,0,0,0,0,0,0,0,0,0,0,0,0,2,-42,-56,25,70,28,3,2,1,13,55,23,-55,-47,-1,-1,0,0,0,0,
0,0,0,0,0,2,-21,-34,15,46,20,3,2,2,2,2,2,2,2,2,2,2,3,2,6,33,46,-26,-56,-15,0,0,0,0,0,0,0,0,0,3,-18,-39,8,55,27,3,3,2,2,2,2,2,2,2,14,52,7,-50,-32,0,0,0,0,0,0,0,0,0,0,-2,0,-9,-60,-28,56,52,9,1,2,3,3,2,2,2,2,2,2,2,1,2,10,54,49,-39,-64,-14,-1,-2,0,0,0,0,0,0,0,0,0,0,0,0,0,0,-2,1,-6,-57,-23,53,50,9,2,2,2,2,4,31,44,-16,-51,-16,0,0,0,0,0,0,0,0,0,0,0,0,3,-32,-48,20,58,19,1,2,2,2,2,1,1,6,34,49,-22,-55,-16,0,-4,0,0,0,0,0,0,0,0,0,0,0,0,0,0,0,0,0,-25,-66,4,69,41,5,3,2,11,49,36,-48,-56,-5,-1,-1,0,0,0,
0,0,0,0,0,2,-25,-34,16,48,18,3,2,2,2,2,2,2,2,2,2,2,2,2,4,30,48,-18,-55,-19,0,0,0,0,0,0,0,0,0,3,-17,-46,4,56,30,3,2,2,2,2,2,2,2,2,14,54,9,-54,-36,0,0,0,0,0,0,0,0,0,0,-1,0,1,-51,-42,41,59,15,3,3,3,2,2,2,2,2,2,2,2,2,3,5,37,63,-21,-68,-21,0,-2,0,0,0,0,0,0,0,0,0,0,0,0,0,0,0,0,0,-52,-38,42,58,13,2,2,3,2,3,27,44,-13,-50,-16,0,0,0,0,0,0,0,0,0,0,0,0,2,-28,-55,15,61,26,3,2,2,2,2,2,2,4,33,53,-17,-57,-19,0,-1,0,0,0,0,0,0,0,0,0,0,0,0,0,0,0,0,0,-14,-66,-23,60,53,8,3,2,10,44,47,-35,-61,-11,0,0,0,0,0,
0,0,0,0,0,2,-28,-37,18,49,18,3,2,2,2,2,2,2,2,2,2,2,2,3,3,27,48,-15,-53,-19,0,0,0,0,0,0,0,0,0,3,-15,-48,-2,54,32,4,2,2,2,2,2,2,2,2,13,55,19,-55,-45,0,0,0,0,0,0,0,0,0,0,0,-2,2,-39,-54,26,63,21,4,0,1,2,2,2,2,2,2,2,2,3,3,3,26,64,-1,-67,-33,0,0,0,0,0,0,0,0,0,0,0,0,0,0,0,0,0,0,2,-44,-48,32,62,19,3,2,3,2,3,24,42,-10,-46,-15,0,0,0,0,0,0,0,0,0,0,0,0,2,-20,-55,3,60,35,5,3,1,3,3,2,3,2,26,59,-6,-60,-26,0,0,0,0,0,0,0,0,0,0,0,0,0,0,0,0,0,0,0,0,-54,-45,42,63,15,4,4,4,38,59,-21,-68,-22,0,0,0,0,0,
0,0,0,0,0,2,-28,-40,18,53,19,2,2,2,2,2,2,2,2,2,2,2,2,2,3,25,47,-8,-50,-19,0,0,0,0,0,0,0,0,0,3,-12,-47,-4,52,31,4,2,2,2,2,2,2,2,2,10,54,30,-50,-52,-1,0,0,0,0,0,0,0,0,0,0,-2,2,-28,-63,4,70,32,4,3,3,3,2,2,2,2,2,2,2,3,2,1,15,61,21,-55,-48,0,0,0,0,0,0,0,0,0,0,0,0,0,0,0,0,0,0,3,-33,-53,20,60,24,3,2,2,2,2,24,38,-11,-44,-14,0,0,0,0,0,0,0,0,0,0,0,0,2,-15,-57,-11,59,43,7,1,2,1,2,2,3,1,23,62,9,-61,-39,0,0,0,0,0,0,0,0,0,0,0,0,0,0,0,0,0,0,0,3,-41,-57,25,67,25,3,3,3,28,67,-4,-64,-31,0,0,0,0,0,
0,0,0,0,0,3,-28,-43,18,53,19,3,3,3,2,2,2,2,2,2,2,2,2,2,2,23,42,-9,-49,-21,0,0,0,0,0,0,0,0,0,2,-7,-43,-7,49,32,5,3,2,2,2,2,2,2,2,9,48,37,-39,-52,-3,0,0,0,0,0,0,0,0,0,0,0,0,-17,-66,-17,65,50,8,4,3,3,2,2,2,2,2,2,2,2,3,2,11,58,43,-43,-60,-8,0,-1,0,0,0,0,0,0,0,0,0,0,0,0,0,0,0,3,-25,-50,9,58,27,3,2,2,1,4,24,38,-13,-44,-15,0,0,0,0,0,0,0,0,0,0,0,0,0,-5,-56,-26,53,52,9,2,2,4,3,3,2,2,13,61,31,-55,-55,-6,0,0,0,0,0,0,0,0,0,0,0,0,0,0,0,0,0,0,2,-27,-62,4,66,32,4,3,2,20,63,15,-59,-44,-1,0,0,0,0,
0,0,0,0,0,3,-27,-45,15,54,22,2,3,1,2,2,2,2,2,2,2,2,2,2,3,23,45,-6,-51,-20,0,0,0,0,0,0,0,0,0,2,-7,-43,-10,50,35,5,3,2,2,2,2,2,2,2,8,40,35,-30,-49,-5,0,0,0,0,0,0,0,0,0,0,0,0,-5,-62,-39,49,65,16,2,3,2,2,2,2,2,2,2,1,3,2,2,7,44,56,-27,-70,-18,0,0,0,0,0,0,0,0,0,0,0,0,0,0,0,0,0,3,-20,-50,2,57,29,4,3,2,1,3,28,42,-15,-49,-17,0,0,0,0,0,0,0,0,0,0,0,0,0,2,-50,-38,42,60,14,2,3,2,2,2,1,2,9,52,51,-36,-63,-15,-1,-1,0,0,0,0,0,0,0,0,0,0,0,0,0,0,0,-1,1,-19,-63,-9,63,46,7,3,2,12,59,35,-49,-58,-6,0,0,0,0,
0,0,0,0,0,2,-24,-48,11,54,27,3,2,2,2,3,2,2,2,2,2,2,2,2,2,22,42,-6,-49,-20,0,0,0,0,0,0,0,0,0,2,-6,-45,-13,49,37,6,2,2,2,2,2,2,2,2,7,35,31,-28,-46,-3,0,0,0,0,0,0,0,0,0,0,0,0,1,-43,-61,25,71,27,2,3,3,2,2,2,2,2,2,2,2,3,3,4,31,63,-9,-67,-27,0,0,0,0,0,0,0,0,0,0,0,0,0,0,0,0,-2,3,-17,-53,-3,57,32,4,2,2,1,3,26,45,-12,-52,-19,0,0,0,0,0,0,0,0,0,0,0,0,0,3,-41,-50,29,61,16,2,2,2,2,2,3,4,4,36,61,-18,-68,-23,0,0,0,0,0,0,0,0,0,0,0,0,0,0,0,0,0,0,1,-9,-61,-29,56,55,11,2,2,7,48,52,-33,-66,-15,-1,0,0,0,
0,0,0,0,0,2,-19,-48,4,55,31,4,2,2,2,2,2,2,2,2,2,2,2,2,2,24,40,-8,-43,-17,0,0,0,0,0,0,0,0,0,2,-6,-42,-15,46,38,7,1,2,3,2,2,2,2,2,6,34,28,-27,-44,-3,0,0,0,0,0,0,0,0,0,0,0,0,0,-25,-68,-1,67,45,8,3,3,2,2,2,2,2,2,2,1,2,2,3,23,63,9,-60,-42,-2,-1,0,0,0,0,0,0,0,0,0,0,0,0,0,0,-3,3,-14,-55,-15,57,42,7,2,2,3,3,25,48,-9,-51,-23,0,0,0,0,0,0,0,0,0,0,0,0,0,2,-30,-56,17,61,27,4,3,1,2,3,3,2,3,27,64,-1,-65,-33,0,0,0,0,0,0,0,0,0,0,0,0,0,0,0,0,0,0,0,2,-52,-46,39,63,15,2,4,4,35,60,-18,-62,-25,-1,0,0,0,
0,0,0,0,0,2,-14,-48,0,56,32,4,3,3,1,2,2,2,2,2,2,2,2,2,3,21,36,-11,-40,-13,0,0,0,0,0,0,0,0,0,3,-3,-40,-12,40,34,6,2,2,2,2,2,2,2,2,7,34,28,-28,-45,-3,0,0,0,0,0,0,0,0,0,0,0,0,0,-9,-63,-30,56,61,15,2,2,2,2,2,2,2,2,3,2,1,4,0,12,59,32,-54,-52,-4,-1,-1,0,0,0,0,0,0,0,0,0,0,0,0,0,-2,1,-7,-57,-25,54,50,9,1,3,3,2,23,50,-6,-50,-25,0,-1,0,0,0,0,0,0,0,0,0,0,0,1,-20,-56,2,63,34,4,2,1,2,3,3,2,1,18,60,15,-59,-44,-2,-1,-1,0,0,0,0,0,0,0,0,0,0,0,0,0,0,0,0,2,-40,-55,25,64,23,3,4,3,27,57,-8,-58,-27,0,-2,0,0,
0,0,0,0,0,1,-13,-47,-6,54,36,6,3,2,2,3,3,2,2,2,2,2,2,2,4,22,31,-16,-38,-7,0,0,0,0,0,0,0,0,0,2,-3,-35,-10,40,31,6,3,2,2,2,2,2,2,2,7,34,28,-28,-45,-3,0,0,0,0,0,0,0,0,0,0,0,0,0,2,-49,-56,30,74,26,4,2,3,2,2,2,2,2,1,2,1,4,3,9,53,52,-39,-64,-12,0,0,0,0,0,0,0,0,0,0,0,0,0,0,0,-2,0,0,-53,-38,47,56,12,2,3,4,1,21,53,-1,-55,-26,0,0,0,0,0,0,0,0,0,0,0,0,0,1,-14,-57,-10,60,45,6,2,3,3,3,1,1,2,13,58,34,-48,-55,-7,-1,0,0,0,0,0,0,0,0,0,0,0,0,0,0,0,0,-1,3,-27,-58,8,65,31,3,4,2,21,58,1,-58,-31,0,-1,0,0,
0,0,0,0,0,1,-7,-53,-14,54,46,7,3,2,2,2,2,2,2,2,2,2,2,2,4,26,28,-22,-41,-7,0,0,0,0,0,0,0,0,0,2,-7,-36,-5,42,27,4,3,2,2,2,2,2,2,2,7,34,28,-28,-45,-3,0,0,0,0,0,0,0,0,0,0,0,0,0,1,-30,-70,3,72,44,7,3,3,2,2,2,2,2,2,3,3,4,4,3,34,60,-23,-63,-21,0,0,0,0,0,0,0,0,0,0,0,0,0,0,0,0,0,2,-45,-45,34,59,15,2,2,2,1,19,57,3,-57,-33,0,0,0,0,0,0,0,0,0,0,0,0,0,0,-5,-57,-27,55,54,9,2,4,3,2,1,2,4,9,47,48,-33,-59,-11,0,0,0,0,0,0,0,0,0,0,0,0,0,0,0,0,0,-1,2,-19,-60,-6,60,39,6,3,2,15,58,13,-59,-40,0,0,0,0,
0,0,0,0,0,1,-3,-55,-28,49,54,9,3,3,3,2,3,2,2,2,2,2,2,2,6,28,25,-25,-41,-4,0,0,0,0,0,0,0,0,0,3,-9,-37,-1,45,29,4,3,2,2,2,2,2,2,2,7,34,28,-28,-45,-3,0,0,0,0,0,0,0,0,0,0,0,0,0,0,-10,-64,-32,54,56,13,3,2,2,2,2,2,2,2,1,2,2,4,3,27,59,-5,-62,-26,0,0,0,0,0,0,0,0,0,0,0,0,0,0,0,0,0,3,-35,-49,26,57,19,4,2,2,1,16,56,11,-56,-38,0,0,0,0,0,0,0,0,0,0,0,0,0,0,3,-50,-42,40,60,14,2,3,1,2,2,2,3,5,38,58,-21,-61,-20,0,0,0,0,0,0,0,0,0,0,0,0,0,0,0,0,0,0,0,-11,-60,-23,58,51,8,1,2,12,55,27,-51,-51,-1,0,0,0,
0,0,0,0,0,0,2,-49,-43,38,62,14,3,4,3,3,2,2,2,2,2,2,2,2,6,31,23,-28,-41,0,0,0,0,0,0,0,0,0,0,3,-10,-37,0,45,27,3,2,2,2,2,2,2,2,2,7,35,28,-29,-48,-4,-1,0,0,0,0,0,0,0,0,0,0,0,0,0,2,-47,-47,36,63,21,4,2,2,2,2,2,2,3,2,3,4,2,3,20,58,3,-60,-34,0,0,0,0,0,0,0,0,0,0,0,0,0,0,0,0,0,3,-27,-51,14,58,22,3,2,1,2,11,56,25,-53,-48,-1,0,0,0,0,0,0,0,0,0,0,0,0,0,3,-38,-50,27,63,20,3,2,2,2,3,2,2,3,30,60,-13,-59,-24,0,0,0,0,0,0,0,0,0,0,0,0,0,0,0,0,0,0,0,0,-53,-39,44,59,14,2,3,9,51,38,-41,-56,-5,0,0,0,
0,0,0,0,0,0,2,-38,-50,27,59,18,1,2,3,2,2,2,2,2,2,2,2,1,8,34,20,-32,-39,0,-1,0,0,0,0,0,0,0,-1,3,-11,-34,3,45,26,3,1,2,2,2,2,2,2,2,7,35,31,-31,-48,-5,-1,0,0,0,0,0,0,0,0,0,0,0,0,0,2,-32,-57,18,64,29,2,2,2,2,2,2,3,2,2,2,2,2,2,16,56,15,-58,-45,0,0,0,0,0,0,0,0,0,0,0,0,0,0,0,0,0,4,-22,-51,9,60,28,3,3,1,2,11,50,35,-46,-54,-4,0,0,0,0,0,0,0,0,0,0,0,0,0,2,-29,-54,12,62,27,3,3,2,3,3,3,2,2,23,60,8,-60,-37,0,0,0,0,0,0,0,0,0,0,0,0,0,0,0,0,0,0,0,2,-43,-48,30,61,18,3,3,7,43,43,-31,-56,-9,-1,0,0,
0,0,0,0,0,0,2,-29,-55,14,62,28,3,2,2,3,2,2,2,2,2,2,2,2,9,37,16,-39,-37,0,0,0,0,0,0,0,0,0,0,2,-13,-31,8,43,23,2,2,2,3,2,2,2,2,2,7,34,36,-30,-50,-9,-1,-2,0,0,0,0,0,0,0,0,0,0,0,0,3,-23,-60,1,63,35,4,2,2,2,2,2,2,2,3,1,2,2,4,12,55,29,-52,-53,-2,-1,0,0,0,0,0,0,0,0,0,0,0,0,0,0,-1,2,-18,-49,0,58,31,4,3,1,3,9,44,40,-34,-57,-11,-1,0,0,0,0,0,0,0,0,0,0,0,0,2,-22,-54,3,62,32,4,2,3,2,2,2,2,2,15,62,30,-52,-56,-7,-2,-1,0,0,0,0,0,0,0,0,0,0,0,0,0,0,0,0,3,-31,-52,19,59,23,3,1,6,37,48,-26,-54,-13,0,-1,0,
0,0,0,0,0,0,2,-24,-62,0,66,38,5,2,2,3,2,2,2,2,2,2,2,2,9,37,14,-40,-36,0,0,0,0,0,0,0,0,0,0,1,-20,-28,15,43,17,3,2,2,2,2,2,2,2,2,6,35,41,-28,-51,-11,-1,-2,0,0,0,0,0,0,0,0,0,0,0,0,1,-14,-62,-15,61,46,5,3,2,2,2,2,2,2,2,1,2,4,1,9,50,41,-41,-59,-8,-1,0,0,0,0,0,0,0,0,0,0,0,0,0,0,-1,2,-14,-50,-7,55,36,4,3,4,2,9,37,45,-27,-53,-12,-1,0,0,0,0,0,0,0,0,0,0,0,0,1,-14,-58,-10,62,43,6,3,2,2,2,2,2,2,8,49,53,-38,-65,-15,0,-1,0,0,0,0,0,0,0,0,0,0,0,0,0,0,0,0,3,-25,-47,11,56,27,4,2,4,31,51,-20,-54,-17,0,-2,0,
0,0,0,0,0,0,1,-13,-62,-21,63,52,8,2,2,3,2,3,2,2,2,2,2,3,10,37,11,-37,-31,0,0,0,0,0,0,0,0,0,1,0,-26,-26,20,42,14,3,3,2,2,2,2,2,2,2,5,32,44,-23,-52,-15,0,0,0,0,0,0,0,0,0,0,0,0,0,0,1,-4,-60,-30,55,55,11,2,2,2,2,2,2,2,2,1,2,3,1,7,44,51,-29,-61,-14,0,-1,0,0,0,0,0,0,0,0,0,0,0,0,0,0,1,-10,-49,-15,54,43,8,2,3,2,4,32,44,-23,-51,-13,0,0,0,0,0,0,0,0,0,0,0,0,0,0,-6,-57,-25,57,54,11,3,2,2,2,2,2,2,4,36,64,-15,-68,-25,0,0,0,0,0,0,0,0,0,0,0,0,0,0,0,0,0,0,2,-20,-47,3,57,29,3,2,4,29,52,-13,-54,-20,-1,-1,0,
0,0,0,0,0,0,0,0,-56,-37,46,58,13,3,3,2,3,2,2,2,2,2,2,3,10,31,3,-34,-23,0,-1,0,0,0,0,0,0,0,2,0,-30,-26,26,43,12,3,1,2,2,2,2,2,2,2,4,31,48,-19,-52,-16,0,0,0,0,0,0,0,0,0,0,0,0,0,0,0,2,-52,-43,41,58,12,2,2,2,2,2,2,2,2,3,2,3,1,4,35,55,-23,-62,-19,0,-1,0,0,0,0,0,0,0,0,0,0,0,0,0,0,0,-5,-50,-21,52,48,8,2,3,2,4,32,48,-20,-52,-15,0,0,0,0,0,0,0,0,0,0,0,0,0,0,2,-52,-42,41,62,14,2,2,2,2,2,2,2,3,23,65,5,-62,-39,-1,0,0,0,0,0,0,0,0,0,0,0,0,0,0,0,0,0,2,-16,-50,0,57,34,4,2,3,24,55,-9,-55,-26,0,-1,0,
0,0,0,0,0,0,0,3,-41,-45,31,59,16,1,1,2,2,2,2,2,2,2,2,4,15,26,-5,-30,-11,0,0,0,0,0,0,0,0,0,2,1,-35,-27,29,41,9,2,2,2,3,2,2,2,2,2,3,28,50,-15,-55,-19,0,0,0,0,0,0,0,0,0,0,0,0,0,0,0,4,-42,-50,32,60,15,2,2,2,2,2,2,2,2,3,2,2,2,3,31,57,-12,-61,-24,0,0,0,0,0,0,0,0,0,0,0,0,0,0,0,0,0,1,-51,-30,47,54,10,2,2,2,2,28,50,-15,-56,-20,0,0,0,0,0,0,0,0,0,0,0,0,0,0,2,-41,-52,27,65,19,3,2,2,2,2,2,2,2,15,60,30,-51,-52,-7,-1,0,0,0,0,0,0,0,0,0,0,0,0,0,0,0,0,2,-11,-53,-10,57,40,5,2,3,22,54,0,-56,-31,0,-1,0,
0,0,0,0,0,0,-1,3,-31,-46,22,57,19,2,3,2,2,2,2,2,2,2,2,3,19,14,-18,-27,-3,-1,0,0,0,0,0,0,0,0,2,1,-34,-25,29,41,8,2,2,2,2,2,2,2,2,2,3,26,50,-11,-53,-22,-1,-1,0,0,0,0,0,0,0,0,0,0,0,0,0,5,-34,-53,18,61,21,3,2,2,2,2,2,2,2,3,2,2,3,3,23,59,-1,-60,-31,0,0,0,0,0,0,0,0,0,0,0,0,0,0,0,0,0,2,-48,-40,38,59,12,2,2,2,2,26,52,-8,-55,-25,-1,0,0,0,0,0,0,0,0,0,0,0,0,0,2,-31,-58,13,65,27,3,3,2,2,2,2,2,2,8,52,50,-36,-64,-14,0,-1,0,0,0,0,0,0,0,0,0,0,0,0,0,0,-1,1,-5,-55,-20,54,47,8,3,3,17,55,6,-56,-35,0,-1,-1,
0,0,0,0,0,0,0,3,-27,-43,20,57,21,2,2,2,2,2,2,2,2,2,2,6,26,10,-25,-30,0,0,0,0,0,0,0,0,0,0,3,0,-34,-18,32,36,8,2,3,2,2,2,2,2,2,2,3,25,50,-6,-49,-23,0,-1,0,0,0,0,0,0,0,0,0,0,0,0,-2,3,-27,-56,10,64,27,3,2,3,1,2,2,2,2,2,2,2,3,2,17,62,16,-57,-43,-3,-1,0,0,0,0,0,0,0,0,0,0,0,0,0,0,0,4,-42,-47,31,58,14,2,2,2,3,23,55,-1,-55,-29,0,0,0,0,0,0,0,0,0,0,0,0,0,0,2,-23,-65,-2,66,39,4,3,2,2,2,2,2,2,4,35,62,-20,-68,-24,0,0,0,0,0,0,0,0,0,0,0,0,0,0,0,0,0,1,-1,-52,-26,47,49,9,3,1,13,55,19,-57,-43,0,-1,-1,
0,0,0,0,0,0,0,3,-24,-45,11,54,24,3,3,3,2,2,2,2,2,2,2,7,31,7,-30,-31,0,0,0,0,0,0,0,0,0,0,4,0,-28,-13,33,29,4,2,2,3,2,2,2,2,2,2,2,22,50,-1,-47,-24,0,0,0,0,0,0,0,0,0,0,0,0,0,0,-3,1,-23,-59,-3,63,36,5,3,2,2,2,3,2,2,2,2,2,2,2,12,58,35,-51,-54,-9,-2,-1,0,0,0,0,0,0,0,0,0,0,0,0,0,0,3,-35,-46,24,56,16,2,2,2,2,19,55,3,-56,-33,0,0,0,0,0,0,0,0,0,0,0,0,0,0,0,-10,-64,-24,61,54,9,3,2,2,2,2,2,2,3,27,66,4,-66,-38,0,0,0,0,0,0,0,0,0,0,0,0,0,0,0,0,0,1,0,-51,-35,41,56,11,3,2,12,54,33,-49,-51,-3,-2,-3,
0,0,0,0,0,0,0,3,-19,-49,4,57,29,3,3,3,2,2,2,2,2,2,2,9,32,3,-31,-23,0,0,0,0,0,0,0,0,0,0,2,-5,-29,-2,38,27,3,3,2,2,2,2,2,2,2,2,2,19,49,0,-50,-28,0,0,0,0,0,0,0,0,0,0,0,0,0,0,0,1,-14,-61,-20,60,50,8,3,2,2,2,2,2,2,2,2,2,2,2,8,51,53,-33,-62,-14,0,-2,0,0,0,0,0,0,0,0,0,0,0,0,0,0,2,-31,-44,21,57,17,2,2,2,3,16,56,12,-57,-40,0,0,0,0,0,0,0,0,0,0,0,0,0,0,0,0,-56,-45,42,63,16,2,2,2,2,2,2,2,3,17,62,29,-55,-55,-6,0,0,0,0,0,0,0,0,0,0,0,0,0,0,0,0,0,1,-45,-44,37,58,13,2,2,7,45,41,-37,-57,-8,-3,-4,
0,0,0,0,0,0,0,4,-14,-47,0,55,32,4,3,2,2,2,2,2,2,2,3,11,23,-2,-28,-16,0,0,0,0,0,0,0,0,0,0,3,-10,-29,4,40,22,2,3,2,2,3,3,2,2,2,2,2,16,51,3,-55,-30,0,0,0,0,0,0,0,0,0,0,0,0,0,0,0,0,-1,-56,-37,47,59,13,2,2,3,2,2,2,2,2,2,2,2,2,4,35,60,-20,-65,-22,0,-1,0,0,0,0,0,0,0,0,0,0,0,0,0,0,3,-30,-45,18,55,19,2,2,2,2,12,56,25,-52,-47,-1,-1,0,0,0,0,0,0,0,0,0,0,0,0,0,3,-39,-55,25,67,26,3,2,2,2,2,2,2,2,9,51,51,-36,-68,-13,0,0,0,0,0,0,0,0,0,0,0,0,0,0,0,0,0,1,-43,-44,31,56,14,2,3,8,38,47,-28,-54,-12,-1,-5,
0,0,0,0,0,0,0,4,-11,-43,-4,50,32,4,1,2,2,2,2,2,2,2,3,18,12,-13,-26,-1,0,0,0,0,0,0,0,0,0,0,1,-16,-26,12,40,22,4,3,2,2,3,2,2,2,2,2,2,15,54,7,-58,-39,0,0,0,0,0,0,0,0,0,0,0,0,0,0,0,0,2,-43,-51,29,64,19,2,2,2,2,2,2,2,2,2,2,2,2,3,25,60,-3,-60,-27,0,0,0,0,0,0,0,0,0,0,0,0,0,0,0,0,3,-27,-44,15,54,22,2,2,2,2,9,53,37,-47,-56,-5,-1,0,0,0,0,0,0,0,0,0,0,0,0,-3,2,-24,-60,4,65,33,4,2,2,2,2,2,2,1,4,35,66,-14,-68,-25,0,0,0,0,0,0,0,0,0,0,0,0,0,0,0,0,1,0,-40,-40,27,54,14,2,2,5,31,47,-22,-53,-15,0,-5,
0,0,0,0,0,0,0,2,-10,-42,-6,51,32,5,3,2,2,2,2,2,2,2,7,23,7,-24,-26,0,0,0,0,0,0,0,0,0,0,1,0,-24,-28,18,43,16,2,2,2,2,2,2,2,2,2,2,2,13,54,19,-55,-45,0,0,0,0,0,0,0,0,0,0,0,0,0,0,0,0,2,-30,-55,16,63,27,3,2,2,2,2,2,2,2,2,2,2,2,3,19,58,8,-57,-35,0,0,0,0,0,0,0,0,0,0,0,0,0,0,0,0,3,-24,-45,12,52,25,2,2,2,2,6,46,47,-34,-58,-10,-3,-3,0,0,0,0,0,0,0,0,0,0,0,-2,2,-16,-63,-11,61,45,6,2,2,2,2,2,3,3,3,25,68,7,-70,-41,-1,0,0,0,0,0,0,0,0,0,0,0,0,0,0,0,1,0,-37,-38,30,50,12,2,2,4,30,49,-15,-53,-20,0,-3,
0,0,0,0,0,0,0,2,-9,-43,-9,51,34,5,2,2,2,2,2,2,2,2,8,31,6,-32,-30,0,0,0,0,0,0,0,0,0,0,1,0,-32,-30,26,47,13,2,1,3,2,3,2,2,2,2,2,2,10,53,31,-51,-51,-1,0,0,0,0,0,0,0,0,0,0,0,0,0,0,-2,3,-23,-53,6,60,32,3,2,2,2,2,2,2,2,2,2,2,2,2,12,55,22,-52,-48,-1,0,0,0,0,0,0,0,0,0,0,0,0,0,0,0,2,-21,-45,8,53,27,3,2,2,2,4,37,54,-25,-56,-16,0,-5,0,0,0,0,0,0,0,0,0,0,0,0,0,-6,-59,-30,55,56,11,2,2,2,2,2,3,2,1,13,61,33,-51,-57,-7,0,0,0,0,0,0,0,0,0,0,0,0,0,0,0,3,0,-39,-34,32,49,9,3,1,4,24,47,-12,-47,-23,0,0,
0,0,0,0,0,0,0,1,-11,-50,-14,55,42,5,4,3,2,2,2,2,2,2,11,36,6,-36,-28,-1,0,0,0,0,0,0,0,0,0,2,1,-33,-30,27,45,13,2,3,2,3,2,2,2,2,2,2,2,9,50,41,-43,-56,-6,-1,0,0,0,0,0,0,0,0,0,0,0,0,0,0,3,-18,-49,-4,56,34,4,2,2,2,2,2,2,2,2,2,2,2,2,11,53,37,-43,-55,-4,0,0,0,0,0,0,0,0,0,0,0,0,0,0,-1,3,-20,-47,5,54,28,4,2,2,2,4,31,53,-18,-56,-20,0,-3,0,0,0,0,0,0,0,0,0,0,0,0,0,3,-51,-45,38,62,15,3,2,2,2,2,2,2,4,9,51,56,-34,-66,-15,0,0,0,0,0,0,0,0,0,0,0,0,0,0,0,2,0,-41,-37,32,50,9,3,3,3,22,39,-6,-43,-19,-1,-1,
0,0,0,0,0,0,0,0,-6,-54,-23,53,49,9,3,2,2,2,1,1,2,2,13,35,0,-37,-25,-2,-1,0,0,0,0,0,0,0,0,2,1,-31,-29,27,41,10,3,1,2,3,2,2,2,2,2,2,2,8,43,47,-30,-58,-12,-2,0,0,0,0,0,0,0,0,0,0,0,0,0,0,2,-12,-51,-11,55,38,5,1,2,2,2,2,2,2,2,2,2,2,3,8,43,44,-32,-58,-10,-1,0,0,0,0,0,0,0,0,0,0,0,0,0,-2,3,-19,-48,1,56,31,4,2,2,2,3,26,55,-6,-55,-24,0,0,0,0,0,0,0,0,0,0,0,0,0,0,0,4,-36,-54,24,65,23,3,2,1,1,2,3,3,2,4,33,64,-14,-70,-26,0,0,0,0,0,0,0,0,0,0,0,0,0,0,0,1,0,-41,-37,35,52,9,3,0,4,21,36,-14,-38,-15,-2,-2,
0,0,0,0,0,0,0,0,0,-52,-33,45,55,10,3,2,2,2,2,2,3,2,17,32,-3,-37,-17,0,-1,0,0,0,0,0,0,0,0,2,1,-30,-21,29,35,7,2,3,2,3,2,2,2,2,2,2,2,5,35,49,-24,-56,-16,-1,-1,0,0,0,0,0,0,0,0,0,0,0,0,0,2,-9,-47,-13,50,39,5,2,2,3,2,2,2,2,2,2,2,2,2,5,33,50,-25,-55,-15,0,0,0,0,0,0,0,0,0,0,0,0,0,0,-1,2,-16,-49,-7,56,35,4,3,2,2,3,22,55,0,-56,-29,0,0,0,0,0,0,0,0,0,0,0,0,0,0,0,2,-28,-62,4,64,31,4,3,3,2,3,3,2,3,3,24,65,8,-64,-41,-2,0,0,0,0,0,0,0,0,0,0,0,0,0,0,1,0,-44,-35,35,53,11,2,3,4,27,37,-19,-45,-13,0,-3,
0,0,0,0,0,0,0,0,2,-46,-40,37,58,13,2,2,2,1,2,2,2,3,20,30,-11,-34,-10,0,-2,0,0,0,0,0,0,0,0,2,0,-32,-15,33,33,5,3,3,2,2,2,2,2,2,2,2,2,4,31,47,-16,-52,-17,0,-2,0,0,0,0,0,0,0,0,0,0,0,0,0,2,-5,-47,-19,50,41,8,3,2,2,2,2,2,2,2,2,2,2,2,4,31,51,-17,-56,-21,0,-1,0,0,0,0,0,0,0,0,0,0,0,0,0,1,-13,-52,-14,58,43,6,3,2,2,2,16,55,4,-54,-33,0,0,0,0,0,0,0,0,0,0,0,0,0,0,0,2,-17,-62,-8,63,42,6,3,2,2,2,2,2,2,1,14,58,32,-52,-54,-8,-1,0,0,0,0,0,0,0,0,0,0,0,0,0,1,1,-45,-37,37,53,10,2,2,4,29,49,-16,-58,-21,1,-4,
0,0,0,0,0,0,0,0,2,-40,-46,30,58,14,2,2,2,2,3,4,2,4,23,23,-19,-33,-5,0,0,0,0,0,0,0,0,0,0,2,-1,-32,-9,38,32,6,3,3,2,2,2,2,2,2,2,2,2,3,26,45,-14,-51,-16,0,0,0,0,0,0,0,0,0,0,0,0,0,0,0,1,-2,-50,-23,47,46,7,4,2,1,2,2,2,2,2,2,2,2,2,3,26,54,-9,-57,-26,0,0,0,0,0,0,0,0,0,0,0,0,0,0,0,1,-8,-54,-21,53,49,7,2,2,2,2,14,54,13,-56,-39,0,0,0,0,0,0,0,0,0,0,0,0,0,0,0,0,-7,-60,-28,58,54,9,3,3,3,2,2,2,3,4,8,50,54,-37,-62,-13,-1,0,0,0,0,0,0,0,0,0,0,0,0,0,1,1,-46,-40,37,53,9,2,2,3,29,61,-3,-65,-35,0,-1,
0,0,0,0,0,0,0,0,3,-35,-44,25,56,15,2,2,2,2,2,2,1,4,26,14,-26,-30,0,0,0,0,0,0,0,0,0,0,0,2,-3,-34,-6,39,30,5,3,2,2,2,2,2,2,2,2,2,2,3,26,45,-10,-49,-19,0,0,0,0,0,0,0,0,0,0,0,0,0,0,0,1,0,-50,-28,46,51,10,3,2,1,2,3,2,2,2,2,2,2,2,2,23,58,0,-57,-31,0,0,0,0,0,0,0,0,0,0,0,0,0,0,0,1,-2,-55,-31,46,55,10,2,2,2,2,12,54,25,-53,-47,0,-1,0,0,0,0,0,0,0,0,0,0,0,0,0,0,2,-52,-45,41,63,14,1,2,2,2,2,3,2,1,3,32,62,-18,-68,-22,0,-2,0,0,0,0,0,0,0,0,0,0,0,0,1,0,-47,-41,37,53,11,4,2,2,22,62,17,-58,-48,-1,-1,
0,0,0,0,0,0,0,0,3,-31,-45,22,57,18,2,2,1,3,2,1,2,7,33,11,-31,-33,0,0,0,0,0,0,0,0,0,0,0,2,-5,-37,-5,42,31,5,3,1,2,2,2,2,2,2,2,2,2,3,25,46,-6,-48,-20,0,0,0,0,0,0,0,0,0,0,0,0,0,0,0,1,1,-49,-38,41,58,13,2,2,2,2,3,2,2,2,2,2,2,2,2,17,57,10,-56,-40,0,0,0,0,0,0,0,0,0,0,0,0,0,0,0,1,1,-50,-43,41,59,12,2,2,2,2,10,50,35,-45,-54,-4,-1,0,0,0,0,0,0,0,0,0,0,0,0,0,0,3,-40,-52,28,65,19,1,2,2,2,2,2,2,2,4,27,63,0,-62,-33,0,0,0,0,0,0,0,0,0,0,0,0,0,0,1,0,-46,-40,32,54,10,3,2,1,13,55,33,-45,-50,-5,-1,
0,0,0,0,0,0,0,0,2,-31,-44,18,54,19,2,2,1,2,2,1,2,12,35,8,-37,-32,0,0,0,0,0,0,0,0,0,0,0,2,-6,-38,-4,44,31,6,2,1,2,3,2,2,2,2,2,2,2,2,23,45,-5,-48,-23,-1,-1,0,0,0,0,0,0,0,0,0,0,0,0,0,0,2,-41,-44,33,57,13,2,2,3,2,2,2,2,2,2,2,2,2,2,13,55,25,-53,-48,-1,0,0,0,0,0,0,0,0,0,0,0,0,0,0,0,1,-44,-46,31,57,14,2,2,2,2,8,46,43,-35,-60,-9,-1,-1,0,0,0,0,0,0,0,0,0,0,0,0,0,2,-29,-54,14,61,28,3,2,3,2,2,2,3,2,3,16,63,23,-52,-49,-2,0,0,0,0,0,0,0,0,0,0,0,0,0,1,1,-43,-41,33,56,11,2,2,2,8,44,37,-33,-50,-7,-3,
0,0,0,0,0,0,0,0,2,-29,-42,16,53,20,2,2,2,2,3,2,4,10,35,6,-33,-27,-1,0,0,0,0,0,0,0,0,0,0,2,-7,-39,-3,45,32,6,2,1,2,3,2,2,2,2,2,2,2,2,21,45,-4,-47,-24,-1,-2,0,0,0,0,0,0,0,0,0,0,0,0,0,0,2,-34,-46,25,58,17,2,3,3,2,2,2,2,2,2,2,2,2,3,11,51,38,-44,-53,-5,0,0,0,0,0,0,0,0,0,0,0,0,0,0,0,2,-37,-44,25,55,17,2,2,2,2,6,40,50,-28,-59,-16,-1,-1,0,0,0,0,0,0,0,0,0,0,0,0,0,1,-23,-52,4,56,32,4,2,2,2,2,2,2,1,2,10,55,43,-44,-61,-12,-1,0,0,0,0,0,0,0,0,0,0,0,0,0,2,-41,-47,30,56,14,3,3,2,6,36,36,-29,-47,-9,-3,
0,0,0,0,0,0,0,0,2,-29,-41,15,52,20,2,2,2,1,1,2,2,12,28,0,-33,-20,-1,-2,0,0,0,0,0,0,0,0,0,2,-7,-39,-4,46,33,5,2,3,2,3,2,2,2,2,2,2,2,1,20,45,0,-46,-25,-1,-2,0,0,0,0,0,0,0,0,0,0,0,0,0,0,3,-31,-49,21,58,20,1,2,2,2,2,2,2,2,2,2,2,2,1,8,44,46,-29,-56,-10,0,0,0,0,0,0,0,0,0,0,0,0,0,0,0,2,-32,-42,24,54,17,2,2,2,1,4,31,53,-19,-58,-20,-1,-1,0,0,0,0,0,0,0,0,0,0,0,0,0,1,-16,-56,-6,63,41,7,1,3,2,2,3,3,3,2,6,41,56,-26,-65,-20,0,-1,0,0,0,0,0,0,0,0,0,0,0,0,3,-37,-49,26,59,17,3,2,1,7,33,33,-29,-46,-6,-1,
0,0,0,0,0,0,0,0,3,-28,-41,15,53,21,2,2,3,2,2,3,4,15,25,-10,-30,-8,0,-2,0,0,0,0,0,0,0,0,0,2,-9,-39,-3,46,32,4,2,3,2,2,2,2,2,2,2,2,2,2,18,44,-5,-45,-24,0,-1,0,0,0,0,0,0,0,0,0,0,0,0,0,0,3,-27,-51,13,58,25,3,2,3,3,2,2,2,2,2,2,2,2,1,5,37,49,-25,-56,-14,0,0,0,0,0,0,0,0,0,0,0,0,0,0,0,2,-30,-41,24,53,17,2,2,2,2,3,29,54,-8,-58,-26,0,0,0,0,0,0,0,0,0,0,0,0,0,0,0,1,-10,-59,-21,55,51,8,3,3,2,1,2,2,2,2,4,31,64,-4,-67,-32,0,0,0,0,0,0,0,0,0,0,0,0,0,0,4,-30,-50,18,59,21,3,3,2,6,32,37,-29,-48,-6,0,
0,0,0,0,0,0,0,0,4,-26,-45,11,55,23,2,2,2,3,1,2,3,20,12,-22,-28,0,0,0,0,0,0,0,0,0,0,0,0,2,-11,-37,-1,44,28,4,2,4,2,2,2,2,2,2,2,2,2,2,20,41,-4,-43,-19,-1,-2,0,0,0,0,0,0,0,0,0,0,0,0,0,0,3,-23,-53,5,58,31,4,1,2,2,2,2,2,2,2,2,2,2,2,4,28,43,-15,-50,-15,0,0,0,0,0,0,0,0,0,0,0,0,0,0,0,2,-31,-41,23,54,16,2,2,2,2,2,22,54,-1,-55,-29,0,0,0,0,0,0,0,0,0,0,0,0,0,0,0,0,0,-55,-38,48,59,14,1,2,2,2,3,3,3,3,4,21,63,18,-57,-50,-5,-1,0,0,0,0,0,0,0,0,0,0,0,0,3,-24,-48,9,58,25,3,3,1,6,31,38,-25,-48,-8,-1,
0,0,0,0,0,0,0,-1,4,-24,-46,9,55,27,2,3,1,3,2,2,8,26,9,-28,-30,0,0,0,0,0,0,0,0,0,0,0,0,2,-12,-37,0,46,27,4,2,2,2,2,2,2,2,2,2,2,2,4,20,37,-8,-41,-16,0,-1,0,0,0,0,0,0,0,0,0,0,0,0,0,0,2,-16,-53,-4,58,34,5,3,2,2,2,2,2,2,2,2,2,2,2,4,22,36,-14,-42,-13,0,0,0,0,0,0,0,0,0,0,0,0,0,0,0,2,-30,-39,22,53,16,2,2,2,3,1,19,57,9,-55,-36,0,0,0,0,0,0,0,0,0,0,0,0,0,0,0,0,2,-46,-50,32,63,16,2,2,2,1,2,2,2,3,2,13,56,46,-44,-62,-12,0,0,0,0,0,0,0,0,0,0,0,0,0,1,-20,-50,2,60,34,4,3,1,5,33,40,-25,-50,-13,-2,
0,0,0,0,0,0,0,-2,2,-21,-47,4,55,28,3,2,1,2,3,3,9,31,6,-31,-31,0,0,0,0,0,0,0,0,0,0,0,0,2,-14,-40,3,48,25,4,2,2,2,2,2,2,2,2,2,2,3,3,21,28,-14,-36,-9,0,0,0,0,0,0,0,0,0,0,0,0,0,0,0,0,1,-9,-54,-14,57,42,5,3,2,2,3,2,2,2,2,2,2,2,2,4,25,30,-16,-37,-9,0,0,0,0,0,0,0,0,0,0,0,0,0,0,0,2,-30,-39,21,54,17,2,2,2,2,2,13,58,22,-53,-45,-1,0,0,0,0,0,0,0,0,0,0,0,0,0,0,0,3,-33,-55,20,64,26,3,2,2,3,3,3,2,2,3,5,42,61,-24,-67,-22,0,0,0,0,0,0,0,0,0,0,0,0,0,0,-13,-55,-14,60,46,8,2,2,4,32,45,-20,-54,-14,-2,
0,0,0,0,0,0,0,0,2,-19,-46,1,55,30,4,2,2,2,3,2,13,34,4,-37,-24,0,-1,0,0,0,0,0,0,0,0,0,0,2,-17,-41,5,48,27,2,2,2,2,2,2,2,2,2,2,2,2,3,21,20,-20,-32,-1,0,0,0,0,0,0,0,0,0,0,0,0,0,0,0,0,1,-5,-51,-18,53,46,7,3,3,2,3,2,2,2,2,2,2,3,1,4,28,29,-22,-39,-4,0,0,0,0,0,0,0,0,0,0,0,0,0,0,0,2,-30,-41,19,53,19,2,2,2,2,2,11,52,37,-45,-54,-6,0,0,0,0,0,0,0,0,0,0,0,0,0,0,0,3,-26,-58,5,62,31,3,2,1,2,1,1,2,2,2,4,27,69,-1,-65,-37,0,0,0,0,0,0,0,0,0,0,0,0,0,0,-4,-56,-30,52,56,13,3,4,4,29,49,-19,-56,-19,0,
0,0,0,0,0,0,0,0,1,-16,-48,-2,57,34,3,2,2,2,2,2,17,35,-3,-39,-19,-1,0,0,0,0,0,0,0,0,0,0,0,2,-18,-41,7,49,27,2,2,2,2,2,2,2,2,2,2,2,2,6,25,12,-29,-30,0,0,0,0,0,0,0,0,0,0,0,0,0,0,0,0,0,1,0,-52,-28,46,51,10,2,3,2,2,2,2,2,2,2,2,2,2,4,29,23,-27,-38,0,0,0,0,0,0,0,0,0,0,0,0,0,0,0,0,2,-29,-42,18,53,19,2,2,2,2,3,7,44,46,-36,-59,-11,-1,0,0,0,0,0,0,0,0,0,0,0,0,0,0,1,-17,-62,-8,60,43,6,3,4,3,3,2,2,2,2,2,19,62,24,-55,-52,-5,0,0,0,0,0,0,0,0,0,0,0,0,0,2,-46,-42,38,61,15,3,3,2,27,53,-9,-57,-24,0,
0,0,0,0,0,0,0,0,1,-13,-51,-7,57,40,4,2,4,2,1,2,21,35,-7,-40,-15,-1,0,0,0,0,0,0,0,0,0,0,0,2,-19,-42,7,50,26,2,2,2,2,2,2,2,2,2,2,2,2,10,31,8,-33,-31,-2,0,0,0,0,0,0,0,0,0,0,0,0,0,0,0,0,1,0,-48,-36,41,56,12,2,3,2,2,2,2,2,2,2,2,2,2,4,29,15,-29,-35,0,0,0,0,0,0,0,0,0,0,0,0,0,0,0,0,2,-27,-43,16,53,20,2,3,2,2,2,4,35,49,-26,-59,-17,-1,0,0,0,0,0,0,0,0,0,0,0,0,0,-1,1,-9,-60,-25,57,51,10,3,2,2,1,2,1,2,2,3,9,55,48,-41,-65,-13,0,0,0,0,0,0,0,0,0,0,0,0,0,2,-35,-42,26,56,17,3,2,2,24,57,-3,-55,-28,0,
0,0,0,0,0,0,0,0,1,-10,-58,-19,56,48,6,4,3,2,1,4,23,29,-18,-33,-8,0,-1,0,0,0,0,0,0,0,0,0,0,3,-19,-41,8,49,23,2,2,3,2,2,2,2,2,2,2,2,2,10,35,5,-32,-28,0,-1,0,0,0,0,0,0,0,0,0,0,0,0,0,0,0,0,1,-42,-42,37,57,14,2,2,2,2,2,2,2,2,2,2,3,4,7,35,12,-38,-36,0,0,0,0,0,0,0,0,0,0,0,0,0,0,0,0,2,-27,-43,15,54,22,2,3,2,1,2,2,31,52,-17,-56,-19,0,0,0,0,0,0,0,0,0,0,0,0,0,0,0,0,2,-52,-39,43,60,14,2,2,2,2,2,2,2,3,2,5,37,63,-22,-67,-23,0,0,0,0,0,0,0,0,0,0,0,0,0,2,-28,-41,19,53,20,2,2,2,22,57,4,-55,-32,0,
0,0,0,0,0,0,0,0,1,-4,-56,-30,49,53,10,3,3,2,2,3,24,19,-23,-31,0,0,0,0,0,0,0,0,0,0,0,0,0,2,-17,-38,8,49,23,2,3,2,2,2,2,2,2,2,2,2,2,14,34,2,-33,-24,-1,-2,0,0,0,0,0,0,0,0,0,0,0,0,0,0,0,0,1,-39,-44,31,56,15,2,2,2,2,2,2,2,2,2,2,3,2,10,42,14,-45,-37,1,0,0,0,0,0,0,0,0,0,0,0,0,0,0,0,2,-25,-44,13,54,24,2,2,2,2,2,4,26,53,-6,-54,-24,0,0,0,0,0,0,0,0,0,0,0,0,0,0,0,0,2,-44,-53,30,62,18,2,3,3,3,2,2,2,2,2,4,28,66,0,-63,-37,0,0,0,0,0,0,0,0,0,0,0,0,0,2,-27,-40,19,49,18,3,2,2,16,56,12,-57,-40,0,
0,0,0,0,0,0,0,0,0,1,-53,-42,40,57,12,3,2,2,2,6,27,12,-28,-31,0,0,0,0,0,0,0,0,0,0,0,0,0,2,-19,-37,11,50,20,2,3,2,2,2,2,2,2,2,2,2,2,16,33,-5,-35,-15,-2,-2,0,0,0,0,0,0,0,0,0,0,0,0,0,0,0,0,2,-35,-43,26,57,16,2,2,2,2,2,2,2,2,2,2,2,0,10,45,14,-48,-39,0,0,0,0,0,0,0,0,0,0,0,0,0,0,0,0,2,-24,-45,11,55,25,2,2,2,2,2,1,23,52,-1,-56,-28,0,0,0,0,0,0,0,0,0,0,0,0,0,0,0,0,3,-30,-56,17,63,25,2,1,2,2,3,3,2,2,2,4,19,64,22,-52,-48,-4,0,0,0,0,0,0,0,0,0,0,0,0,2,-25,-42,18,53,22,4,2,2,12,52,26,-51,-50,-2,
0,0,0,0,0,0,0,0,0,2,-45,-46,34,57,15,2,2,2,3,9,32,7,-33,-34,-1,0,0,0,0,0,0,0,0,0,0,0,0,3,-22,-36,17,49,19,2,3,2,2,2,2,2,2,2,2,2,4,21,26,-15,-33,-8,0,-3,0,0,0,0,0,0,0,0,0,0,0,0,0,0,0,0,3,-33,-45,22,56,19,2,2,2,2,2,2,2,2,2,2,3,2,12,45,17,-46,-41,0,0,0,0,0,0,0,0,0,0,0,0,0,0,0,0,2,-22,-46,7,57,27,2,2,1,3,2,1,19,54,5,-57,-35,0,0,0,0,0,0,0,0,0,0,0,0,0,0,0,0,2,-21,-56,3,60,32,4,2,2,3,2,2,2,2,2,2,11,53,43,-40,-57,-11,-1,0,0,0,0,0,0,0,0,0,0,0,2,-25,-45,13,58,27,3,2,3,11,50,39,-43,-57,-8,
0,0,0,0,0,0,0,0,0,2,-36,-48,27,56,15,2,2,2,2,13,36,7,-40,-29,-1,-1,0,0,0,0,0,0,0,0,0,0,0,3,-24,-34,16,50,19,3,2,2,2,2,2,2,2,2,2,2,4,24,23,-22,-34,-4,0,0,0,0,0,0,0,0,0,0,0,0,0,0,0,0,0,0,4,-29,-44,20,53,20,2,2,2,2,2,2,2,2,2,2,2,3,11,44,13,-43,-39,0,0,0,0,0,0,0,0,0,0,0,0,0,0,0,0,2,-20,-49,4,55,29,3,2,1,2,3,2,15,55,18,-57,-45,-1,0,0,0,0,0,0,0,0,0,0,0,0,0,0,0,2,-15,-57,-8,60,38,5,1,2,2,2,2,2,2,2,2,5,41,55,-27,-61,-17,-3,-2,0,0,0,0,0,0,0,0,0,0,2,-24,-50,4,57,30,3,3,3,8,43,49,-29,-57,-13,
0,0,0,0,0,0,0,0,0,2,-32,-44,25,56,15,2,3,2,1,17,41,0,-41,-28,0,-1,0,0,0,0,0,0,0,0,0,0,0,1,-27,-34,20,48,17,3,2,2,2,2,2,2,2,2,2,2,6,28,16,-28,-33,0,0,0,0,0,0,0,0,0,0,0,0,0,0,0,0,0,0,0,2,-26,-43,16,51,21,2,2,2,2,2,2,2,2,2,2,3,3,12,43,8,-40,-31,0,0,0,0,0,0,0,0,0,0,0,0,0,0,0,0,2,-17,-46,1,54,31,3,2,2,2,3,3,12,53,33,-49,-54,-3,0,0,0,0,0,0,0,0,0,0,0,0,0,0,0,1,-7,-57,-19,56,50,8,4,2,2,2,2,2,2,2,2,4,29,56,-14,-59,-24,-1,-2,0,0,0,0,0,0,0,0,0,0,2,-20,-52,-2,56,33,4,2,1,4,34,55,-24,-58,-18,
0,0,0,0,0,0,0,0,0,2,-29,-40,22,52,16,2,3,2,2,18,41,-1,-41,-25,-1,-1,0,0,0,0,0,0,0,0,0,0,1,0,-29,-30,22,48,15,2,2,2,2,2,2,2,2,2,2,2,6,32,13,-33,-36,0,0,0,0,0,0,0,0,0,0,0,0,0,0,0,0,0,0,0,2,-24,-43,16,52,22,2,2,2,2,2,2,2,2,2,2,2,3,12,34,2,-33,-24,0,0,0,0,0,0,0,0,0,0,0,0,0,0,0,0,2,-16,-43,0,48,28,3,2,3,2,3,2,7,47,44,-34,-56,-7,0,0,0,0,0,0,0,0,0,0,0,0,0,0,0,0,0,-52,-36,44,57,13,3,2,2,2,2,2,2,2,2,3,25,55,-5,-52,-25,0,-3,0,0,0,0,0,0,0,0,0,0,2,-15,-50,-9,54,36,5,2,1,3,30,55,-14,-57,-23,
0,0,0,0,0,0,0,0,0,1,-29,-35,22,49,16,2,2,3,2,19,39,-2,-41,-22,-2,-2,0,0,0,0,0,0,0,0,0,0,1,0,-33,-31,28,46,13,2,2,2,2,2,2,2,2,2,2,2,8,37,12,-37,-37,0,0,0,0,0,0,0,0,0,0,0,0,0,0,0,0,0,0,0,2,-22,-42,12,53,24,1,2,2,2,2,2,2,2,2,2,2,2,14,21,-2,-27,-10,0,0,0,0,0,0,0,0,0,0,0,0,0,0,0,0,2,-15,-40,2,47,27,2,2,3,2,2,1,5,40,48,-29,-55,-10,0,0,0,0,0,0,0,0,0,0,0,0,0,0,0,0,3,-45,-48,33,63,17,2,3,2,2,2,2,2,2,2,3,19,52,1,-52,-29,0,0,0,0,0,0,0,0,0,0,0,0,1,-11,-48,-13,48,39,5,2,1,3,25,58,-7,-56,-28,
0,0,0,0,0,0,0,0,0,1,-28,-35,23,49,18,2,2,4,3,19,37,-6,-37,-16,0,-3,0,0,0,0,0,0,0,0,0,0,2,1,-29,-25,26,40,9,3,2,2,2,2,2,1,2,2,3,2,11,38,9,-36,-33,-1,0,0,0,0,0,0,0,0,0,0,0,0,0,0,0,0,0,0,4,-21,-42,12,53,26,3,2,3,2,2,2,2,2,2,2,2,5,16,9,-15,-22,-2,0,0,0,0,0,0,0,0,0,0,0,0,0,0,0,0,2,-14,-37,5,44,23,3,2,3,2,2,2,4,32,47,-21,-55,-14,-1,0,0,0,0,0,0,0,0,0,0,0,0,0,0,0,3,-30,-54,20,61,25,3,4,2,2,2,2,2,2,2,2,17,52,5,-54,-31,0,0,0,0,0,0,0,0,0,0,0,0,1,-7,-43,-13,47,38,8,2,2,2,22,59,2,-56,-35,
0,0,0,0,0,0,0,0,0,1,-29,-33,25,50,16,2,2,2,3,21,33,-12,-36,-13,0,-1,0,0,0,0,0,0,0,0,0,0,2,2,-23,-18,24,33,7,2,2,2,2,2,2,2,2,3,2,2,12,39,5,-37,-29,-1,-1,0,0,0,0,0,0,0,0,0,0,0,0,0,0,0,0,0,3,-21,-42,7,52,25,2,2,2,2,2,2,2,2,2,2,2,5,17,0,-21,-21,0,-1,0,0,0,0,0,0,0,0,0,0,0,0,0,0,0,1,-17,-34,11,47,22,2,2,2,2,3,2,3,30,51,-15,-53,-19,0,0,0,0,0,0,0,0,0,0,0,0,0,0,0,0,2,-24,-55,4,62,31,4,3,2,2,2,2,2,2,2,2,14,51,11,-55,-37,0,0,0,0,0,0,0,0,0,0,0,0,1,-4,-44,-12,43,39,5,3,3,2,16,62,15,-57,-48,
0,0,0,0,0,0,0,0,0,0,-31,-32,27,48,13,2,2,2,5,24,37,-16,-39,-10,0,0,0,0,0,0,0,0,0,0,0,0,3,-1,-22,-7,27,25,3,2,2,2,2,2,2,2,2,2,2,2,14,38,0,-40,-24,-2,-3,0,0,0,0,0,0,0,0,0,0,0,0,0,0,0,0,-1,3,-19,-43,8,51,27,3,2,2,2,2,2,2,2,2,2,2,9,20,-2,-22,-15,0,-2,0,0,0,0,0,0,0,0,0,0,0,0,0,0,0,2,-21,-35,14,49,21,3,2,2,2,3,3,2,28,52,-10,-53,-23,0,0,0,0,0,0,0,0,0,0,0,0,0,0,0,0,0,-14,-58,-13,61,45,6,3,2,2,2,2,2,2,2,2,13,51,20,-53,-45,0,0,0,0,0,0,0,0,0,0,0,0,1,-5,-44,-16,46,42,8,2,3,2,9,58,37,-46,-64,
0,0,0,0,0,0,0,0,1,0,-33,-32,29,49,13,3,2,3,4,27,39,-16,-45,-13,0,0,0,0,0,0,0,0,0,0,0,0,3,-7,-24,3,32,18,2,2,2,2,2,2,1,3,2,2,2,1,19,35,-5,-39,-20,-1,-2,0,0,0,0,0,0,0,0,0,0,0,0,0,0,0,0,-1,3,-18,-41,7,49,26,2,2,2,2,2,2,2,2,2,2,2,13,13,-13,-22,-5,0,0,0,0,0,0,0,0,0,0,0,0,0,0,0,0,1,3,-25,-34,18,49,20,2,2,2,2,3,3,3,23,53,-1,-51,-25,0,0,0,0,0,0,0,0,0,0,0,0,0,0,0,0,0,-7,-58,-29,54,55,12,2,2,2,2,2,2,2,2,2,9,48,28,-48,-48,0,-1,0,0,0,0,0,0,0,0,0,0,1,-4,-48,-18,44,43,7,2,2,2,5,49,57,-29,-71,
0,0,0,0,0,0,0,0,1,0,-35,-32,31,49,13,3,2,2,4,26,41,-15,-49,-14,0,0,0,0,0,0,0,0,0,0,0,-1,3,-17,-24,14,42,17,2,2,2,2,2,2,2,2,3,3,1,3,21,30,-11,-32,-13,0,-4,0,0,0,0,0,0,0,0,0,0,0,0,0,0,0,0,-1,3,-18,-40,6,48,27,2,2,2,2,2,2,2,2,2,2,4,21,9,-23,-25,0,0,0,0,0,0,0,0,0,0,0,0,0,0,0,0,0,1,2,-26,-36,19,48,17,2,2,2,2,2,2,3,18,51,3,-51,-29,0,0,0,0,0,0,0,0,0,0,0,0,0,0,0,0,0,3,-46,-40,37,62,15,3,2,3,2,2,2,2,2,2,9,46,31,-40,-49,0,0,0,0,0,0,0,0,0,0,0,0,1,-2,-48,-22,45,45,8,1,3,2,4,33,62,-7,-69,
0,0,0,0,0,0,0,0,1,0,-39,-34,30,49,12,3,2,2,3,26,45,-12,-53,-18,0,0,0,0,0,0,0,0,0,0,0,0,1,-24,-23,19,43,13,2,2,2,2,2,2,2,2,3,2,1,3,22,19,-18,-29,-2,0,-1,0,0,0,0,0,0,0,0,0,0,0,0,0,0,0,0,-1,3,-19,-41,6,50,27,2,2,2,2,2,2,2,2,2,2,8,26,7,-27,-28,-2,-2,0,0,0,0,0,0,0,0,0,0,0,0,0,0,0,1,0,-29,-34,23,48,15,2,2,2,2,2,2,3,16,48,4,-49,-31,0,0,0,0,0,0,0,0,0,0,0,0,0,0,0,0,0,2,-33,-50,24,59,20,2,3,2,2,2,2,2,2,2,9,43,32,-39,-48,0,0,-1,0,0,0,0,0,0,0,0,0,1,0,-51,-26,45,50,8,2,2,2,2,24,56,6,-60,
0,0,0,0,0,0,0,0,1,0,-38,-35,33,48,11,2,2,2,3,25,47,-10,-52,-21,0,0,0,0,0,0,0,0,0,0,0,2,1,-26,-22,21,39,11,2,2,2,2,2,2,2,2,2,2,1,6,23,13,-24,-28,0,0,0,0,0,0,0,0,0,0,0,0,0,0,0,0,0,0,0,-1,4,-20,-42,6,52,27,2,2,2,2,2,2,2,2,2,2,12,32,2,-31,-23,-1,-3,0,0,0,0,0,0,0,0,0,0,0,0,0,0,0,1,0,-32,-30,28,48,13,2,2,2,2,2,2,2,14,45,4,-44,-31,0,0,0,0,0,0,0,0,0,0,0,0,0,0,0,0,0,2,-27,-49,10,60,27,3,3,2,2,2,2,2,2,2,9,40,30,-35,-43,0,0,0,0,0,0,0,0,0,0,0,0,1,0,-51,-31,42,51,9,2,3,2,1,18,58,17,-55,
0,0,0,0,0,0,0,0,1,0,-39,-34,32,47,10,2,2,2,3,23,49,-3,-52,-25,0,0,0,0,0,0,0,0,0,0,0,3,1,-24,-16,23,32,7,2,2,2,2,2,2,3,1,2,2,2,7,22,5,-28,-27,-1,0,0,0,0,0,0,0,0,0,0,0,0,0,0,0,0,0,0,-1,4,-20,-42,5,52,27,2,2,2,2,2,2,2,2,2,2,17,36,-4,-37,-19,0,-4,0,0,0,0,0,0,0,0,0,0,0,0,0,0,0,1,0,-35,-31,30,46,11,2,2,2,2,2,2,1,14,45,3,-43,-28,0,0,0,0,0,0,0,0,0,0,0,0,0,0,0,0,0,2,-21,-55,3,60,35,3,3,2,2,2,2,2,2,2,7,39,27,-34,-42,0,0,0,0,0,0,0,0,0,0,0,0,1,0,-50,-36,42,53,10,3,2,3,2,13,55,23,-51,
0,0,0,0,0,0,0,0,2,0,-42,-33,34,47,11,1,3,1,1,20,48,0,-51,-28,0,0,0,0,0,0,0,0,0,0,0,2,-1,-23,-7,28,25,4,2,2,2,2,2,2,2,1,2,3,3,8,16,0,-23,-15,-1,0,0,0,0,0,0,0,0,0,0,0,0,0,0,0,0,0,0,0,2,-20,-42,5,51,25,2,2,3,2,2,2,2,2,2,2,23,38,-11,-42,-15,-1,-2,0,0,0,0,0,0,0,0,0,0,0,0,0,0,0,2,1,-34,-30,27,43,9,2,2,2,2,3,3,2,14,47,4,-46,-29,0,0,0,0,0,0,0,0,0,0,0,0,0,0,0,0,0,1,-16,-59,-9,61,43,6,2,3,2,2,2,2,2,2,7,41,28,-35,-45,-1,0,0,0,0,0,0,0,0,0,0,0,1,0,-47,-40,39,56,11,2,3,3,2,9,50,36,-40,
0,0,0,0,0,0,0,0,1,0,-40,-30,34,45,10,2,2,3,2,19,49,3,-49,-31,0,0,0,0,0,0,0,0,0,0,0,5,-6,-24,3,31,18,3,2,2,2,2,2,2,2,3,2,4,3,14,8,-11,-20,-5,0,0,0,0,0,0,0,0,0,0,0,0,0,0,0,0,0,0,0,0,2,-21,-41,6,49,24,2,3,3,2,2,2,2,2,2,2,27,45,-14,-47,-16,0,0,0,0,0,0,0,0,0,0,0,0,0,0,0,0,0,2,1,-29,-25,28,39,9,2,2,2,2,3,1,1,15,50,4,-53,-31,0,0,0,0,0,0,0,0,0,0,0,0,0,0,0,0,0,1,-7,-62,-21,57,50,6,2,2,2,2,2,2,2,2,7,40,33,-36,-48,-3,0,0,0,0,0,0,0,0,0,0,0,1,1,-47,-44,34,54,13,2,2,2,1,8,46,40,-30,
0,0,0,0,0,0,0,0,1,1,-37,-26,34,40,6,2,3,3,2,17,49,4,-49,-31,0,0,0,0,0,0,0,0,0,0,0,2,-15,-25,13,39,16,2,2,2,2,2,2,2,2,3,2,3,5,24,5,-26,-21,0,0,0,0,0,0,0,0,0,0,0,0,0,0,0,0,0,0,0,0,0,2,-20,-37,8,49,22,2,3,2,2,2,2,2,2,2,2,27,53,-10,-58,-22,0,-1,0,0,0,0,0,0,0,0,0,0,0,0,0,0,0,2,0,-26,-14,30,33,6,2,2,2,2,2,2,2,15,59,19,-55,-45,-4,0,0,0,0,0,0,0,0,0,0,0,0,0,0,0,0,1,-1,-56,-33,50,57,11,2,2,2,2,2,2,2,2,7,41,38,-32,-52,-7,-1,0,0,0,0,0,0,0,0,0,0,0,1,-44,-46,32,55,13,3,3,3,1,6,39,45,-25,
0,0,0,0,0,0,0,0,1,0,-34,-21,35,41,8,4,2,3,3,14,48,3,-47,-29,0,0,0,0,0,0,0,0,0,0,0,0,-25,-23,22,45,14,2,2,2,2,2,2,3,2,3,2,2,10,35,6,-40,-29,0,0,0,0,0,0,0,0,0,0,0,0,0,0,0,0,0,0,0,0,0,2,-18,-36,10,48,22,2,2,2,2,2,2,2,2,2,2,23,59,-1,-62,-28,0,0,0,0,0,0,0,0,0,0,0,0,0,0,0,0,0,2,-3,-27,-7,34,27,5,2,2,2,2,2,2,2,12,58,49,-35,-66,-20,-3,0,0,0,0,0,0,0,0,0,0,0,0,0,0,0,0,1,-48,-42,39,60,13,2,2,2,2,2,2,2,2,7,38,44,-28,-53,-11,-2,0,0,0,0,0,0,0,0,0,0,0,2,-40,-46,28,55,14,4,3,2,1,6,36,51,-19,
0,0,0,0,0,0,0,0,2,-2,-32,-14,32,34,5,2,2,2,1,13,49,5,-49,-31,0,0,0,0,0,0,0,0,0,0,3,1,-27,-25,23,42,12,2,2,2,2,2,2,2,2,2,2,1,13,45,11,-47,-34,0,0,0,0,0,0,0,0,0,0,0,0,0,0,0,0,0,0,0,0,0,2,-18,-36,11,48,22,2,2,2,3,2,2,2,2,2,2,19,63,10,-59,-41,-1,0,0,0,0,0,0,0,0,0,0,0,0,0,0,0,0,3,-8,-28,1,39,27,3,2,2,2,2,2,3,1,6,43,71,0,-62,-46,-12,0,0,0,0,0,0,0,0,0,0,0,0,0,0,0,0,2,-39,-48,29,58,17,2,2,2,2,2,2,2,2,4,31,47,-23,-56,-15,-1,-1,0,0,0,0,0,0,0,0,0,0,2,-35,-45,25,56,17,3,3,2,2,4,31,54,-12,
0,0,0,0,0,0,0,0,3,-4,-35,-9,36,30,4,3,3,2,1,15,53,7,-52,-34,0,0,0,0,0,0,0,0,0,0,3,2,-22,-21,23,32,8,2,2,2,2,2,2,2,2,2,2,2,12,47,11,-49,-38,0,0,0,0,0,0,0,0,0,0,0,0,0,0,0,0,0,0,0,0,0,2,-20,-35,14,50,21,3,2,2,2,2,2,2,2,2,2,13,60,30,-52,-51,-4,0,0,0,0,0,0,0,0,0,0,0,0,0,0,0,0,3,-11,-28,5,41,21,2,2,2,2,2,2,2,2,4,24,66,36,-44,-60,-19,-1,-1,0,0,0,0,0,0,0,0,0,0,0,0,0,0,1,-33,-50,21,58,20,2,2,2,2,2,2,2,2,4,29,45,-19,-49,-15,0,-2,0,0,0,0,0,0,0,0,0,0,2,-30,-46,21,55,18,2,2,2,2,4,29,55,0,
0,0,0,0,0,0,0,0,2,-7,-31,-2,38,25,4,3,2,2,2,14,53,11,-56,-37,1,0,0,0,0,0,0,0,0,0,3,1,-18,-10,25,26,4,2,2,2,2,2,2,2,2,2,2,2,10,41,11,-42,-34,0,0,0,0,0,0,0,0,0,0,0,0,0,0,0,0,0,0,0,0,0,2,-22,-36,16,50,20,2,2,2,2,2,2,2,2,2,2,8,52,48,-37,-61,-12,0,0,0,0,0,0,0,0,0,0,0,0,0,0,0,0,2,-15,-29,13,42,21,2,2,2,2,2,1,2,2,3,8,39,55,-21,-63,-24,0,0,0,0,0,0,0,0,0,0,0,0,0,0,0,0,1,-28,-47,17,58,23,3,3,2,2,2,2,2,2,4,25,42,-14,-48,-16,0,0,0,0,0,0,0,0,0,0,0,0,2,-28,-46,17,54,22,3,1,2,2,2,24,56,5,
0,0,0,0,0,0,0,0,2,-13,-32,6,41,21,3,3,2,2,2,12,50,14,-55,-41,1,0,0,0,0,0,0,0,0,0,0,-9,-16,5,30,17,3,2,2,2,2,2,2,2,1,2,1,3,12,35,4,-35,-28,-1,0,0,0,0,0,0,0,0,0,0,0,0,0,0,0,0,0,0,0,0,2,-24,-38,15,51,19,2,2,1,2,2,2,2,2,2,2,4,39,58,-23,-62,-21,-1,0,0,0,0,0,0,0,0,0,0,0,0,0,0,0,1,-19,-27,17,42,16,3,2,2,2,2,2,2,3,1,2,22,53,0,-57,-28,0,0,0,0,0,0,0,0,0,0,0,0,0,0,0,0,2,-24,-47,12,55,27,3,3,2,2,2,2,2,2,4,26,41,-14,-45,-18,-1,0,0,0,0,0,0,0,0,0,0,0,2,-25,-44,16,56,26,3,1,2,4,2,19,61,14,
0,0,0,0,0,0,0,1,1,-17,-27,11,40,17,3,2,1,1,3,11,49,16,-52,-40,1,0,0,0,0,0,0,0,0,1,0,-21,-19,18,37,15,2,2,2,2,2,2,2,1,2,3,1,3,16,27,-4,-32,-15,-1,-2,0,0,0,0,0,0,0,0,0,0,0,0,0,0,0,0,0,0,0,3,-25,-38,16,52,21,1,3,2,2,3,2,2,2,2,2,3,28,59,-9,-63,-28,0,-1,0,0,0,0,0,0,0,0,0,0,0,0,0,1,0,-26,-25,23,48,13,3,2,2,2,2,2,2,2,3,1,17,52,5,-57,-35,2,0,0,0,0,0,0,0,0,0,0,0,0,0,0,0,2,-22,-49,4,55,29,3,2,3,2,2,2,2,2,4,26,39,-12,-44,-17,-1,0,0,0,0,0,0,0,0,0,0,0,3,-22,-45,8,54,26,2,2,2,4,1,14,62,18,
0,0,0,0,0,0,0,0,0,-20,-22,19,40,14,3,2,2,2,3,12,48,17,-50,-43,2,0,0,0,0,0,0,0,0,2,0,-24,-24,23,43,13,3,2,2,2,2,2,2,2,2,4,1,3,21,23,-15,-31,-5,0,-2,0,0,0,0,0,0,0,0,0,0,0,0,0,0,0,0,0,0,0,1,-25,-37,15,49,20,2,2,3,2,2,2,2,2,2,2,3,22,58,2,-58,-32,0,0,0,0,0,0,0,0,0,0,0,0,0,0,0,1,1,-32,-28,29,48,13,2,2,2,2,2,3,2,2,2,2,12,51,11,-56,-40,2,0,0,0,0,0,0,0,0,0,0,0,0,0,0,0,2,-17,-48,0,53,31,4,3,2,2,2,2,2,2,4,23,35,-15,-43,-14,0,0,0,0,0,0,0,0,0,0,0,-1,2,-20,-47,5,56,28,3,2,3,3,2,8,63,28,
0,0,0,0,0,0,0,2,2,-20,-17,20,32,11,3,2,2,2,2,11,49,19,-46,-42,0,0,0,0,0,0,0,0,0,2,1,-25,-25,23,35,11,2,2,2,2,2,2,2,2,3,3,2,3,25,24,-27,-33,-1,0,-2,0,0,0,0,0,0,0,0,0,0,0,0,0,0,0,0,0,0,1,0,-25,-33,17,47,18,3,2,3,2,2,2,2,2,2,2,2,14,56,16,-56,-43,0,0,0,0,0,0,0,0,0,0,0,0,0,0,0,1,1,-37,-32,31,48,12,2,2,2,2,2,2,1,2,3,3,13,51,21,-54,-48,0,0,0,0,0,0,0,0,0,0,0,0,0,0,0,0,2,-12,-45,-3,51,34,4,2,2,2,2,2,2,2,4,25,33,-19,-39,-10,-1,-2,0,0,0,0,0,0,0,0,0,0,2,-17,-48,1,55,32,4,4,3,2,2,5,57,32,
0,0,0,0,0,0,0,4,0,-21,-9,23,26,6,3,2,3,3,1,11,47,16,-45,-39,-1,-2,0,0,0,0,0,0,0,3,0,-22,-14,26,30,7,2,2,2,2,2,2,2,3,2,3,2,5,30,21,-32,-37,0,0,-1,0,0,0,0,0,0,0,0,0,0,0,0,0,0,0,0,0,0,1,0,-29,-33,23,48,15,3,2,3,3,2,2,2,2,2,2,2,11,54,31,-50,-51,-3,-1,0,0,0,0,0,0,0,0,0,0,0,0,0,2,1,-33,-32,28,44,10,2,2,2,2,2,2,2,2,3,3,13,54,29,-51,-53,-2,0,0,0,0,0,0,0,0,0,0,0,0,0,0,-1,2,-10,-43,-7,50,37,6,2,2,2,2,2,2,2,4,27,31,-23,-40,-9,-1,-1,0,0,0,0,0,0,0,0,0,0,2,-13,-49,-5,55,36,4,2,2,1,4,4,58,37,
0,0,0,0,0,0,0,5,-4,-19,1,27,21,3,3,2,2,1,1,12,47,12,-41,-36,-2,-3,0,0,0,0,0,0,0,4,-4,-22,-1,30,23,3,2,2,2,2,2,2,2,2,2,2,2,6,36,24,-36,-42,0,0,0,0,0,0,0,0,0,0,0,0,0,0,0,0,0,0,0,0,0,1,0,-34,-31,28,50,13,1,2,3,2,2,2,2,2,2,2,2,7,49,42,-38,-54,-7,-1,0,0,0,0,0,0,0,0,0,0,0,0,0,2,1,-30,-24,28,39,9,2,2,2,2,2,2,2,2,2,2,10,51,39,-42,-58,-6,-1,0,0,0,0,0,0,0,0,0,0,0,0,0,-1,2,-6,-43,-13,48,40,7,2,2,2,2,2,2,2,5,31,30,-26,-42,-7,-2,-1,0,0,0,0,0,0,0,0,0,0,1,-8,-50,-15,54,42,7,2,3,1,1,4,55,38,
0,0,0,0,0,0,0,3,-13,-17,12,33,15,4,1,2,2,1,2,14,45,4,-42,-31,-1,-2,0,0,0,0,0,0,-2,4,-11,-24,7,35,18,3,2,2,2,2,2,2,2,1,2,2,1,6,38,17,-40,-41,0,0,0,0,0,0,0,0,0,0,0,0,0,0,0,0,0,0,0,0,0,2,0,-36,-33,28,44,12,1,2,3,2,2,2,2,2,2,2,2,5,41,47,-29,-55,-10,0,-1,0,0,0,0,0,0,0,0,0,0,0,0,4,0,-30,-15,31,32,7,2,2,2,2,2,2,3,2,2,2,8,45,46,-32,-57,-11,0,0,0,0,0,0,0,0,0,0,0,0,0,0,0,1,-6,-41,-15,47,41,8,2,2,2,2,2,2,2,4,32,34,-28,-45,-6,-2,-2,0,0,0,0,0,0,0,0,0,-1,1,-7,-54,-20,52,47,10,2,3,2,1,3,56,37,
0,0,0,0,0,0,0,0,-20,-21,19,39,13,2,2,2,2,2,2,15,42,1,-41,-28,0,-1,0,0,0,0,0,0,0,1,-18,-25,15,40,16,2,3,2,2,2,2,2,2,2,2,3,1,9,39,18,-39,-40,0,0,0,0,0,0,0,0,0,0,0,0,0,0,0,0,0,0,0,0,0,2,1,-32,-29,27,39,9,3,2,1,2,2,2,2,2,2,2,2,4,34,48,-23,-55,-15,0,-4,0,0,0,0,0,0,0,0,0,0,0,0,3,-4,-27,-7,33,27,5,2,2,2,2,2,3,2,1,2,3,5,35,49,-27,-56,-13,0,0,0,0,0,0,0,0,0,0,0,0,0,0,0,1,-3,-43,-16,43,43,8,2,2,2,2,2,2,2,5,31,35,-29,-48,-5,0,-3,0,0,0,0,0,0,0,0,0,0,0,-1,-53,-34,45,57,13,2,1,4,3,1,56,37,
0,0,0,0,0,0,3,1,-27,-22,26,37,10,1,2,2,2,2,3,16,41,0,-41,-23,0,-1,0,0,0,0,0,0,0,0,-25,-23,22,45,14,3,3,2,2,2,2,2,2,2,2,2,1,11,37,14,-38,-37,0,0,0,0,0,0,0,0,0,0,0,0,0,0,0,0,0,0,0,0,0,2,1,-28,-21,29,32,7,4,2,2,2,3,2,2,2,2,2,2,3,31,53,-13,-59,-18,0,-1,0,0,0,0,0,0,0,0,0,0,0,-1,4,-9,-30,-1,36,25,4,2,2,2,2,2,2,2,2,2,2,4,33,52,-17,-55,-18,0,0,0,0,0,0,0,0,0,0,0,0,0,0,0,1,0,-41,-18,41,43,9,2,2,2,2,2,2,2,6,34,40,-29,-50,-8,0,-1,0,0,0,0,0,0,0,0,0,0,0,4,-48,-51,32,64,19,2,3,3,3,2,54,37,
0,0,0,0,0,0,2,1,-29,-18,29,33,7,3,2,3,2,3,3,17,38,-4,-38,-16,0,0,0,0,0,0,0,0,1,1,-28,-25,26,41,13,3,2,2,2,2,2,2,2,3,1,2,1,10,34,6,-34,-25,0,0,0,0,0,0,0,0,0,0,0,0,0,0,0,0,0,0,0,0,0,2,0,-27,-11,32,30,4,2,3,2,2,2,2,2,2,2,2,2,2,26,55,-5,-63,-28,0,0,0,0,0,0,0,0,0,0,0,0,0,-1,3,-12,-28,4,40,19,3,2,2,2,2,2,2,1,2,2,2,4,29,54,-12,-59,-25,-1,0,0,0,0,0,0,0,0,0,0,0,0,0,0,2,0,-41,-19,43,44,9,2,2,2,2,2,2,2,4,32,43,-24,-53,-14,0,0,0,0,0,0,0,0,0,0,0,0,-1,5,-34,-57,18,65,28,4,1,2,3,2,54,37,
0,0,0,0,0,-1,3,1,-29,-12,31,32,4,2,2,2,2,1,4,20,33,-11,-33,-9,0,0,0,0,0,0,0,0,2,2,-24,-20,23,32,8,3,2,2,2,2,2,2,2,2,2,1,4,13,26,0,-29,-14,0,0,0,0,0,0,0,0,0,0,0,0,0,0,0,0,0,0,0,0,0,2,-5,-29,-6,37,27,5,3,2,3,2,2,2,2,2,2,2,2,2,19,56,4,-60,-34,0,0,0,0,0,0,0,0,0,0,0,0,0,0,1,-18,-26,15,43,18,2,2,2,2,2,2,2,1,3,2,2,2,25,56,-1,-58,-27,0,0,0,0,0,0,0,0,0,0,0,0,0,0,0,2,0,-43,-22,41,44,8,2,2,2,2,2,2,2,4,30,44,-18,-51,-16,0,0,0,0,0,0,0,0,0,0,0,0,-2,3,-24,-60,0,62,36,5,3,2,2,2,54,37,
0,0,0,0,0,-1,2,-3,-30,-8,35,29,4,3,2,2,1,1,3,21,21,-16,-28,-1,0,0,0,0,0,0,0,0,2,0,-19,-9,22,25,4,3,2,2,2,2,2,2,2,2,2,2,2,18,15,-14,-25,0,0,0,0,0,0,0,0,0,0,0,0,0,0,0,0,0,0,0,0,0,0,2,-10,-31,1,42,25,4,2,2,2,2,2,2,2,2,2,2,2,2,12,51,12,-55,-40,0,0,0,0,0,0,0,0,0,0,0,0,0,1,0,-26,-24,22,47,13,2,2,2,2,2,2,2,2,2,2,2,4,20,59,3,-58,-33,0,0,0,0,0,0,0,0,0,0,0,0,0,0,0,3,0,-43,-25,39,44,9,2,2,2,2,2,2,2,3,28,43,-14,-48,-15,0,0,0,0,0,0,0,0,0,0,0,0,-2,3,-16,-61,-14,59,47,9,2,2,2,2,55,37,
0,0,0,0,0,0,2,-8,-35,-3,44,28,4,3,2,1,3,2,5,23,11,-22,-28,0,0,0,0,0,0,0,0,1,0,-9,-14,8,27,16,3,3,2,2,2,2,2,2,2,1,3,2,6,20,5,-23,-26,0,0,0,0,0,0,0,0,0,0,0,0,0,0,0,0,0,0,0,0,0,0,2,-14,-31,7,43,21,3,3,2,2,2,2,2,2,2,2,2,3,3,11,48,17,-49,-41,0,0,0,0,0,0,0,0,0,0,0,0,0,2,0,-31,-28,27,45,13,2,2,2,2,2,2,2,3,2,1,3,2,14,59,20,-56,-45,0,-1,0,0,0,0,0,0,0,0,0,0,0,0,-1,2,0,-42,-25,38,43,9,2,2,2,2,2,2,2,3,25,40,-14,-47,-15,0,0,0,0,0,0,0,0,0,0,0,0,-1,2,-5,-57,-27,53,53,12,2,2,2,2,55,37,
0,0,0,0,0,0,3,-12,-38,-1,45,27,4,3,3,1,2,3,8,24,6,-25,-27,0,0,0,0,0,0,0,0,1,1,-15,-16,17,33,13,3,3,2,2,2,2,2,2,2,2,1,3,7,24,4,-25,-27,-1,0,0,0,0,0,0,0,0,0,0,0,0,0,0,0,0,0,0,0,0,0,2,-19,-31,13,47,22,2,2,2,2,2,2,2,2,2,2,2,2,2,12,46,16,-43,-39,0,0,0,0,0,0,0,0,0,0,0,0,0,2,1,-33,-29,28,42,10,2,2,2,2,2,2,2,3,2,1,2,3,12,58,38,-49,-56,-6,-1,0,0,0,0,0,0,0,0,0,0,0,0,-1,3,-1,-37,-22,37,41,9,2,2,2,2,2,2,2,3,26,39,-14,-47,-15,0,0,0,0,0,0,0,0,0,0,0,0,0,1,0,-52,-38,44,53,12,2,2,2,2,55,37,
0,0,0,0,0,0,3,-12,-40,0,48,30,4,3,2,1,4,4,11,21,-1,-27,-17,0,0,0,0,0,0,0,0,3,2,-16,-14,22,31,9,4,3,2,2,2,2,2,2,2,2,1,3,13,27,-1,-28,-19,0,0,0,0,0,0,0,0,0,0,0,0,0,0,0,0,0,0,0,0,0,1,2,-22,-30,14,45,19,2,2,2,2,2,2,2,2,2,2,2,2,2,11,41,10,-39,-34,0,0,0,0,0,0,0,0,0,0,0,0,0,2,1,-29,-23,27,38,8,2,2,2,2,2,2,2,2,2,2,2,3,6,49,50,-33,-63,-14,-1,-1,0,0,0,0,0,0,0,0,0,0,0,-1,2,-2,-39,-19,36,38,9,2,2,2,2,2,2,2,3,26,39,-14,-47,-15,0,0,0,0,0,0,0,0,0,0,0,0,0,1,0,-42,-38,38,53,12,2,2,2,2,55,37,
0,0,0,0,0,0,3,-11,-35,-1,43,27,3,2,2,2,4,1,7,11,-2,-20,-9,0,0,0,0,0,0,0,0,3,1,-18,-7,23,23,5,3,2,2,2,2,2,2,2,2,3,0,4,14,22,-10,-26,-11,0,0,0,0,0,0,0,0,0,0,0,0,0,0,0,0,0,0,0,0,0,1,0,-25,-30,20,45,15,3,3,2,2,2,2,2,2,2,2,2,2,2,12,35,4,-35,-21,0,0,0,0,0,0,0,0,0,0,0,0,0,3,1,-28,-15,30,32,5,2,2,2,2,2,2,2,2,2,3,2,2,4,34,52,-22,-58,-17,0,0,0,0,0,0,0,0,0,0,0,0,0,0,2,-2,-38,-17,36,36,7,3,2,2,2,2,2,2,3,26,39,-14,-47,-15,0,0,0,0,0,0,0,0,0,0,0,0,0,2,0,-38,-37,32,48,11,2,2,2,2,55,37,
0,0,0,0,0,0,2,-13,-31,5,40,22,4,2,3,2,2,0,-1,0,-2,-8,-1,0,0,0,0,0,0,0,0,2,-4,-17,4,27,18,2,3,2,2,2,2,2,2,2,2,3,2,1,22,17,-21,-27,0,0,0,0,0,0,0,0,0,0,0,0,0,0,0,0,0,0,0,0,0,0,1,0,-30,-28,26,45,13,3,3,2,2,2,2,2,2,2,2,2,2,3,15,26,-7,-34,-14,-1,0,0,0,0,0,0,0,0,0,0,0,-1,3,-1,-26,-8,32,28,4,2,2,2,2,2,2,2,2,2,3,2,2,3,29,44,-15,-48,-17,0,-1,0,0,0,0,0,0,0,0,0,0,0,0,2,-3,-34,-13,38,34,6,3,2,2,2,2,2,2,3,26,39,-14,-47,-15,0,0,0,0,0,0,0,0,0,0,0,0,0,3,1,-35,-31,29,44,9,2,2,2,2,55,37,
0,0,0,0,0,0,0,-18,-26,13,43,17,5,2,4,3,2,9,-4,-16,-5,0,0,0,0,0,0,0,0,0,0,0,-15,-18,14,37,15,4,2,2,2,2,2,2,2,2,2,2,1,4,25,14,-26,-30,0,0,0,0,0,0,0,0,0,0,0,0,0,0,0,0,0,0,0,0,0,0,1,1,-32,-27,29,43,11,3,2,2,2,2,2,2,2,2,2,2,2,4,21,21,-18,-31,-5,0,0,0,0,0,0,0,0,0,0,0,0,-1,3,-4,-26,-1,39,27,4,2,2,2,2,2,2,2,1,2,1,2,2,3,25,42,-13,-45,-15,0,0,0,0,0,0,0,0,0,0,0,0,0,0,2,-2,-34,-11,40,32,6,3,2,2,2,2,2,2,3,26,39,-14,-47,-14,0,0,0,0,0,0,0,0,0,0,0,0,0,3,2,-28,-24,29,36,9,2,2,2,2,55,37,
0,0,0,0,0,1,0,-26,-25,23,46,14,2,2,3,4,2,21,0,-26,-17,1,0,0,0,0,0,0,0,0,2,1,-20,-19,20,39,13,1,2,2,2,2,2,2,2,2,2,2,4,7,34,13,-36,-36,0,0,0,0,0,0,0,0,0,0,0,0,0,0,0,0,0,0,0,0,0,0,1,1,-28,-25,27,38,7,1,2,2,2,2,2,2,2,2,2,2,2,6,28,20,-27,-37,0,0,0,0,0,0,0,0,0,0,0,0,0,-2,2,-9,-30,6,42,23,3,2,2,2,2,2,2,2,1,2,3,2,3,2,25,44,-14,-47,-15,0,0,0,0,0,0,0,0,0,0,0,0,0,-1,3,-5,-34,-6,39,29,5,2,2,2,2,2,2,2,3,26,41,-14,-48,-15,0,0,0,0,0,0,0,0,0,0,0,0,0,2,0,-19,-8,26,26,4,2,2,2,2,55,37,
0,0,0,0,0,1,0,-35,-29,27,47,12,3,3,1,2,9,33,5,-35,-29,0,0,0,0,0,0,0,0,0,3,2,-22,-16,21,33,9,2,2,3,2,2,2,2,2,2,2,4,2,10,36,8,-37,-30,0,0,0,0,0,0,0,0,0,0,0,0,0,0,0,0,0,0,0,0,0,0,2,1,-26,-16,29,33,6,2,2,2,2,2,2,2,2,2,2,2,2,6,32,20,-31,-37,0,0,0,0,0,0,0,0,0,0,0,0,0,0,0,-15,-25,12,43,20,2,2,2,2,2,2,2,2,1,2,3,2,1,2,24,42,-14,-49,-18,0,0,0,0,0,0,0,0,0,0,0,0,0,-1,3,-8,-32,0,41,27,4,2,2,2,2,2,2,2,3,26,41,-14,-47,-17,0,0,0,0,0,0,0,0,0,0,0,0,1,1,-4,-8,1,23,14,3,2,2,2,2,55,37,
0,0,0,0,0,1,0,-37,-35,31,49,11,3,4,2,3,15,39,5,-38,-29,-1,0,0,0,0,0,0,0,0,2,0,-22,-7,26,27,5,2,2,2,2,2,2,2,2,2,2,2,3,13,35,2,-36,-23,0,0,0,0,0,0,0,0,0,0,0,0,0,0,0,0,0,0,0,0,0,0,3,-3,-29,-7,33,27,4,2,2,2,2,2,2,2,2,2,2,2,2,8,35,15,-33,-37,0,0,0,0,0,0,0,0,0,0,0,0,0,1,0,-25,-27,21,43,16,2,2,2,2,2,2,2,2,2,2,4,2,1,3,25,42,-12,-46,-17,0,0,0,0,0,0,0,0,0,0,0,0,0,-1,2,-12,-33,4,40,23,3,2,2,2,2,2,2,2,3,27,43,-13,-47,-17,0,-1,0,0,0,0,0,0,0,0,0,0,2,1,-9,-3,15,24,11,3,2,2,2,2,55,37,
0,0,0,0,0,2,1,-34,-33,29,44,10,3,2,2,2,17,41,0,-39,-26,0,-2,0,0,0,0,0,0,0,2,-5,-20,0,31,21,1,3,1,2,2,2,2,2,2,2,2,2,4,13,25,-2,-33,-18,0,0,0,0,0,0,0,0,0,0,0,0,0,0,0,0,0,0,0,0,0,0,3,-9,-30,2,39,27,3,2,2,2,2,2,2,2,2,2,2,2,2,11,35,11,-37,-30,-2,-1,0,0,0,0,0,0,0,0,0,0,0,2,0,-28,-26,24,42,13,2,2,2,2,2,2,2,2,1,2,2,2,1,3,22,38,-12,-42,-14,0,-1,0,0,0,0,0,0,0,0,0,0,0,0,1,-15,-31,10,42,22,3,2,2,2,2,2,2,2,3,25,45,-11,-50,-17,0,-1,0,0,0,0,0,0,0,0,0,0,2,0,-20,-4,27,26,4,2,3,2,2,2,55,37,
0,0,0,0,0,2,1,-31,-27,27,38,10,3,1,3,2,21,38,-5,-37,-20,-1,-3,0,0,0,0,0,0,0,0,-13,-20,12,36,19,3,3,3,2,3,2,2,2,2,2,2,2,3,17,16,-13,-26,-3,0,0,0,0,0,0,0,0,0,0,0,0,0,0,0,0,0,0,0,0,0,-1,5,-14,-33,5,42,21,2,2,2,2,2,2,2,2,2,2,2,2,2,12,36,5,-34,-25,0,-2,0,0,0,0,0,0,0,0,0,0,0,2,1,-29,-27,26,38,11,2,2,2,2,2,2,2,2,2,2,2,2,1,4,23,29,-17,-35,-6,0,0,0,0,0,0,0,0,0,0,0,0,0,0,1,-21,-31,16,46,19,3,2,2,2,2,2,2,2,2,25,48,-9,-49,-21,0,-1,0,0,0,0,0,0,0,0,0,0,3,-4,-32,-5,36,29,4,3,3,2,2,2,55,37,
0,0,0,0,0,3,0,-28,-18,30,32,6,1,2,1,4,19,32,-9,-32,-12,-1,0,0,0,0,0,0,0,2,0,-19,-22,19,34,13,3,3,2,2,2,2,2,2,2,2,2,2,4,21,9,-23,-23,0,0,0,0,0,0,0,0,0,0,0,0,0,0,0,0,0,0,0,0,0,0,-1,2,-20,-30,11,43,18,2,2,2,2,2,2,2,2,2,2,2,2,2,14,32,-1,-31,-18,0,-2,0,0,0,0,0,0,0,0,0,0,0,2,1,-26,-21,29,34,7,2,2,2,2,2,2,2,2,3,2,2,2,1,3,23,19,-25,-33,0,0,0,0,0,0,0,0,0,0,0,0,0,0,0,1,-26,-33,21,48,18,3,2,2,2,2,2,2,2,2,23,49,-3,-52,-23,0,0,0,0,0,0,0,0,0,0,0,0,2,-7,-43,-10,48,36,4,3,2,2,2,2,55,37,
0,0,0,0,0,3,-2,-32,-11,35,32,5,2,2,1,4,22,19,-18,-29,-3,-1,0,0,0,0,0,0,0,2,1,-23,-19,25,34,7,2,3,3,3,2,3,2,2,2,2,2,2,8,27,4,-30,-26,0,0,0,0,0,0,0,0,0,0,0,0,0,0,0,0,0,0,0,0,0,0,0,0,-24,-27,18,44,15,2,2,2,2,2,2,2,2,2,2,2,2,3,19,27,-12,-34,-9,0,0,0,0,0,0,0,0,0,0,0,0,0,2,0,-26,-11,31,29,4,2,2,2,2,2,2,2,1,3,2,2,2,1,6,31,13,-33,-34,0,0,0,0,0,0,0,0,0,0,0,0,0,0,0,1,-29,-34,22,49,16,2,2,2,2,2,2,2,2,2,20,50,0,-54,-27,0,0,0,0,0,0,0,0,0,0,0,-1,3,-6,-46,-15,51,39,5,3,3,2,2,2,55,37,
0,0,0,0,0,2,-7,-33,-5,39,29,4,2,4,2,5,27,12,-29,-28,0,0,0,0,0,0,0,0,0,3,2,-22,-10,24,31,4,1,4,3,2,3,2,2,2,2,2,2,2,11,28,2,-31,-20,0,0,0,0,0,0,0,0,0,0,0,0,0,0,0,0,0,0,0,0,0,0,2,1,-24,-25,22,42,13,3,2,2,2,2,2,2,2,2,2,2,1,4,23,18,-20,-30,-1,0,0,0,0,0,0,0,0,0,0,0,0,0,3,-6,-29,-3,36,27,3,2,2,2,2,2,2,2,2,2,3,2,3,3,9,40,14,-41,-35,0,0,0,0,0,0,0,0,0,0,0,0,0,0,0,1,-34,-37,25,51,15,2,2,2,2,2,2,2,2,2,16,52,4,-57,-32,0,0,0,0,0,0,0,0,0,0,0,0,1,-6,-47,-19,49,44,9,3,2,2,2,2,55,37,
0,0,0,0,0,2,-8,-31,0,42,26,4,2,2,2,8,34,13,-40,-37,0,0,0,0,0,0,0,0,-1,3,-3,-22,-4,30,27,3,1,1,1,2,2,2,2,2,2,2,2,4,12,20,-4,-21,-12,0,-1,0,0,0,0,0,0,0,0,0,0,0,0,0,0,0,0,0,0,0,0,2,1,-26,-19,26,37,9,2,2,2,2,2,2,2,2,2,2,2,1,4,24,10,-22,-32,0,0,0,0,0,0,0,0,0,0,0,0,0,0,3,-10,-31,4,38,23,2,2,2,2,2,2,2,2,2,2,2,2,2,3,11,43,13,-45,-36,0,0,0,0,0,0,0,0,0,0,0,0,0,0,0,1,-35,-38,26,53,14,2,2,2,2,2,2,2,2,2,15,53,9,-55,-35,1,0,0,0,0,0,0,0,0,0,0,0,1,-2,-50,-28,47,50,11,2,2,2,2,2,55,37,
0,0,0,0,0,2,-13,-30,6,43,21,3,2,3,4,11,44,21,-47,-41,0,0,0,0,0,0,0,0,0,2,-11,-22,4,34,19,3,2,2,3,2,2,2,2,2,2,2,2,3,16,8,-19,-23,0,0,0,0,0,0,0,0,0,0,0,0,0,0,0,0,0,0,0,0,0,0,0,3,1,-24,-13,25,30,5,2,2,2,2,2,2,2,2,2,2,2,2,5,21,7,-20,-25,-1,0,0,0,0,0,0,0,0,0,0,0,0,0,0,-17,-28,12,41,17,4,3,2,2,2,2,2,2,3,2,2,2,2,3,12,47,12,-47,-38,0,0,0,0,0,0,0,0,0,0,0,0,0,0,0,2,-35,-44,24,58,19,3,2,2,2,2,2,2,2,1,13,52,18,-54,-44,0,0,0,0,0,0,0,0,0,0,0,0,0,1,-46,-39,38,58,15,2,2,2,2,2,55,37,
0,0,0,0,0,3,-18,-32,14,46,20,2,2,2,3,10,46,26,-47,-46,0,-1,0,0,0,0,0,0,1,0,-17,-22,16,38,15,4,3,3,1,2,2,2,2,2,2,2,2,7,23,4,-24,-23,-1,0,0,0,0,0,0,0,0,0,0,0,0,0,0,0,0,0,0,0,0,0,-1,4,-2,-23,-4,31,22,3,2,2,2,2,2,2,2,2,2,2,1,4,8,14,0,-22,-12,0,0,0,0,0,0,0,0,0,0,0,0,0,1,0,-24,-27,20,40,14,4,3,2,2,2,2,2,2,2,2,2,2,2,2,12,48,11,-47,-37,0,0,0,0,0,0,0,0,0,0,0,0,0,0,0,2,-31,-52,17,59,25,3,2,2,2,2,2,2,2,2,11,54,25,-49,-47,0,0,0,0,0,0,0,0,0,0,0,0,0,2,-39,-49,28,64,22,3,2,2,2,2,55,37,
0,0,0,0,0,2,-23,-34,16,49,19,3,2,2,3,9,45,28,-44,-45,0,0,0,0,0,0,0,0,1,1,-21,-20,21,37,12,3,3,2,1,2,3,2,2,2,2,2,3,10,28,2,-28,-23,-1,-1,0,0,0,0,0,0,0,0,0,0,0,0,0,0,0,0,0,0,0,0,-1,5,-10,-25,4,38,21,3,2,2,2,2,2,2,2,2,2,1,1,3,17,6,-16,-22,0,0,-1,0,0,0,0,0,0,0,0,0,0,0,2,1,-25,-25,24,39,9,3,3,2,2,2,2,2,2,2,2,2,2,2,2,12,50,12,-49,-36,0,0,0,0,0,0,0,0,0,0,0,0,0,0,0,2,-26,-54,5,57,31,4,2,2,2,2,2,2,2,2,10,48,27,-43,-47,0,0,0,0,0,0,0,0,0,0,0,0,0,2,-29,-58,14,64,29,3,2,2,2,2,55,37,
0,0,0,0,0,0,-26,-33,18,48,17,2,2,2,1,9,41,25,-43,-43,0,0,-1,0,0,0,0,0,2,2,-23,-16,24,31,7,3,2,2,1,2,3,2,2,2,2,2,4,13,26,-1,-26,-16,-2,-2,0,0,0,0,0,0,0,0,0,0,0,0,0,0,0,0,0,0,0,0,-1,2,-17,-22,14,41,18,2,2,2,2,2,2,2,2,2,2,2,1,7,25,4,-29,-25,0,0,0,0,0,0,0,0,0,0,0,0,0,0,2,2,-25,-17,24,34,6,2,2,2,2,2,2,2,2,2,2,2,2,2,2,12,50,12,-49,-36,0,0,0,0,0,0,0,0,0,0,0,0,0,0,-1,2,-17,-51,0,55,35,4,2,2,2,2,2,2,2,3,9,45,30,-39,-48,-1,0,0,0,0,0,0,0,0,0,0,0,-1,3,-21,-59,0,62,38,5,2,2,2,2,55,37,
0,0,0,0,1,0,-31,-29,23,47,14,2,2,2,2,9,41,21,-42,-41,0,0,0,0,0,0,0,0,3,0,-23,-10,28,27,4,2,2,2,2,2,3,2,2,2,2,2,3,17,17,-14,-26,-7,1,-1,0,0,0,0,0,0,0,0,0,0,0,0,0,0,0,0,0,0,0,0,1,0,-24,-26,21,43,13,2,2,2,2,2,2,2,2,2,2,2,2,9,36,8,-36,-32,0,0,0,0,0,0,0,0,0,0,0,0,0,0,2,0,-23,-10,29,28,5,1,2,2,2,2,2,2,2,2,2,2,2,2,2,12,50,12,-49,-36,0,0,0,0,0,0,0,0,0,0,0,0,0,0,-1,2,-13,-46,-5,52,35,5,2,2,2,2,2,2,2,2,9,41,33,-36,-47,-3,0,0,0,0,0,0,0,0,0,0,0,-1,1,-12,-62,-17,59,48,8,2,2,2,2,55,37,
0,0,0,0,1,0,-36,-31,31,46,13,2,2,2,2,10,42,18,-44,-38,0,0,0,0,0,0,0,0,4,-6,-24,1,31,23,3,2,2,2,3,2,2,2,2,2,2,2,6,21,7,-23,-25,-1,0,0,0,0,0,0,0,0,0,0,0,0,0,0,0,0,0,0,0,0,0,0,2,1,-27,-24,26,40,12,2,2,2,2,2,2,2,2,2,2,3,2,11,39,9,-37,-28,0,0,0,0,0,0,0,0,0,0,0,0,0,0,3,-6,-24,1,33,25,3,2,2,3,2,2,2,2,2,2,2,2,2,2,2,12,50,12,-49,-36,0,0,0,0,0,0,0,0,0,0,0,0,0,0,0,3,-9,-44,-10,46,36,5,3,2,2,2,2,2,2,1,7,39,35,-34,-52,-4,0,0,0,0,0,0,0,0,0,0,0,-1,1,-4,-55,-32,51,55,12,2,2,2,2,55,37,
0,0,0,0,1,1,-34,-30,27,41,8,3,2,2,3,10,45,16,-46,-39,0,0,0,0,0,0,0,0,2,-13,-28,9,42,19,2,2,3,2,3,2,1,2,2,3,2,1,8,25,3,-26,-24,-1,-1,0,0,0,0,0,0,0,0,0,0,0,0,0,0,0,0,0,0,0,0,0,3,1,-27,-19,25,34,8,2,2,2,2,2,2,2,2,2,2,2,3,14,39,3,-38,-25,0,0,0,0,0,0,0,0,0,0,0,0,0,0,1,-15,-24,11,39,16,2,2,3,2,2,2,2,2,2,2,2,2,2,2,2,12,50,12,-49,-35,0,0,0,0,0,0,0,0,0,0,0,0,0,0,0,3,-6,-39,-11,43,33,7,3,2,2,2,2,2,2,2,7,39,40,-28,-52,-8,0,0,0,0,0,0,0,0,0,0,0,0,0,2,-47,-42,36,59,15,2,2,2,2,55,37,
0,0,0,0,3,2,-29,-22,26,35,7,2,2,2,2,11,48,16,-48,-40,0,0,0,0,0,0,0,0,3,-20,-28,17,44,16,2,2,2,2,2,2,1,2,3,3,2,2,10,30,0,-29,-20,0,-1,0,0,0,0,0,0,0,0,0,0,0,0,0,0,0,0,0,0,0,0,0,3,1,-26,-13,28,29,5,2,2,2,2,2,2,2,2,2,2,2,2,19,37,-1,-40,-20,0,0,0,0,0,0,0,0,0,0,0,0,0,0,0,-23,-26,19,41,15,2,3,3,2,2,2,2,2,2,2,2,2,2,2,2,12,50,12,-49,-35,0,0,0,0,0,0,0,0,0,0,0,0,0,0,0,2,-6,-39,-7,43,31,6,3,2,2,2,2,2,2,2,5,33,41,-25,-52,-10,0,0,0,0,0,0,0,0,0,0,0,0,0,3,-38,-50,27,60,19,3,2,2,2,55,37,
0,0,0,0,3,0,-22,-12,26,27,4,1,2,2,2,12,48,16,-44,-37,0,0,0,0,0,0,0,1,0,-28,-26,23,47,13,3,2,2,2,2,2,2,2,3,1,1,3,13,23,-5,-27,-11,0,0,0,0,0,0,0,0,0,0,0,0,0,0,0,0,0,0,0,0,0,0,0,2,-3,-24,-3,33,25,4,2,2,2,2,2,2,2,2,2,2,2,2,20,35,-6,-39,-16,0,0,0,0,0,0,0,0,0,0,0,0,0,2,0,-26,-24,23,41,12,4,3,2,2,2,2,2,2,2,2,2,2,2,2,2,12,50,12,-49,-35,0,0,0,0,0,0,0,0,0,0,0,0,0,0,0,2,-6,-36,-5,43,29,4,3,3,2,2,2,2,2,2,5,30,39,-22,-49,-9,0,0,0,0,0,0,0,0,0,0,0,0,0,4,-29,-55,14,62,25,3,2,2,2,55,37,
0,0,0,0,2,-7,-22,3,32,19,4,2,2,3,2,12,45,11,-40,-34,0,0,0,0,0,0,0,2,1,-30,-27,23,42,12,2,2,2,2,2,2,2,2,2,1,1,5,17,14,-15,-25,-3,0,0,0,0,0,0,0,0,0,0,0,0,0,0,0,0,0,0,0,0,0,0,0,2,-10,-24,7,36,20,2,3,2,2,2,2,2,2,2,2,2,2,4,23,36,-10,-41,-13,0,0,0,0,0,0,0,0,0,0,0,0,0,3,1,-27,-20,26,36,10,3,2,2,2,2,2,2,2,2,2,2,2,2,2,2,13,50,12,-49,-36,0,0,0,0,0,0,0,0,0,0,0,0,0,0,0,2,-9,-36,0,42,26,4,2,2,2,2,2,2,2,1,5,29,35,-21,-45,-8,0,0,0,0,0,0,0,0,0,0,0,0,0,4,-23,-54,3,59,30,4,2,2,2,55,37,
0,0,0,0,3,-16,-25,14,41,15,2,2,2,2,2,13,45,7,-45,-30,0,0,0,0,0,0,0,3,2,-27,-22,25,35,9,2,2,2,2,2,3,3,2,2,1,2,7,19,7,-20,-23,0,0,0,0,0,0,0,0,0,0,0,0,0,0,0,0,0,0,0,0,0,0,0,1,0,-18,-24,16,38,17,3,3,2,2,2,2,2,2,2,2,2,1,4,25,39,-15,-44,-13,0,0,0,0,0,0,0,0,0,0,0,0,0,3,1,-27,-16,28,32,5,3,2,2,2,2,2,2,2,2,2,2,2,2,2,2,12,51,10,-49,-36,0,0,0,0,0,0,0,0,0,0,0,0,0,0,0,2,-12,-32,3,42,24,3,2,2,2,2,2,2,2,1,5,29,33,-22,-45,-6,0,0,0,0,0,0,0,0,0,0,0,0,-2,4,-18,-49,-3,56,32,4,2,2,2,55,37,
0,0,0,0,0,-25,-24,21,43,14,2,3,2,2,2,14,49,5,-50,-31,0,0,0,0,0,0,-1,4,0,-25,-14,27,28,6,2,2,2,2,2,2,2,1,2,2,2,8,22,1,-26,-20,-1,0,0,0,0,0,0,0,0,0,0,0,0,0,0,0,0,0,0,0,0,0,0,1,0,-24,-24,21,40,13,3,2,2,2,2,2,2,2,2,2,2,1,4,28,37,-15,-44,-14,0,0,0,0,0,0,0,0,0,0,0,0,0,3,-3,-27,-6,31,26,4,2,2,2,2,2,2,2,2,2,2,2,2,2,2,1,12,50,12,-50,-37,0,0,0,0,0,0,0,0,0,0,0,0,0,0,0,1,-14,-30,11,43,22,3,2,2,2,2,2,2,2,3,6,30,31,-25,-44,-6,0,0,0,0,0,0,0,0,0,0,0,0,-1,3,-14,-45,-8,53,33,5,2,2,2,55,37,
0,0,0,1,0,-31,-27,25,44,12,3,2,2,2,2,13,48,8,-48,-34,0,0,0,0,0,0,-3,5,-5,-24,-1,31,23,4,2,2,2,2,2,2,1,3,2,4,4,11,19,-5,-28,-12,0,0,0,0,0,0,0,0,0,0,0,0,0,0,0,0,0,0,0,0,0,0,0,2,1,-27,-21,23,36,11,2,2,2,2,2,2,2,2,1,2,2,2,3,26,36,-15,-45,-12,0,0,0,0,0,0,0,0,0,0,0,0,0,4,-6,-23,1,35,23,4,3,3,2,2,2,2,2,2,2,2,2,2,2,2,1,13,52,14,-50,-37,0,0,0,0,0,0,0,0,0,0,0,0,0,0,0,1,-19,-28,16,46,19,2,2,2,2,2,2,2,2,3,6,31,32,-28,-45,-9,0,0,0,0,0,0,0,0,0,0,0,0,0,2,-10,-48,-12,53,40,6,2,2,2,55,37,
0,0,0,1,1,-32,-26,28,43,11,3,2,1,1,2,12,43,6,-42,-33,-2,-2,0,0,0,0,-2,4,-11,-25,4,37,19,3,2,2,2,2,2,2,1,2,3,3,3,16,11,-14,-23,-4,0,0,0,0,0,0,0,0,0,0,0,0,0,0,0,0,0,0,0,0,0,0,0,2,1,-24,-14,27,31,7,2,2,2,2,2,2,2,2,1,2,3,2,4,24,33,-17,-40,-8,0,0,0,0,0,0,0,0,0,0,0,0,0,1,-12,-24,7,40,15,4,2,2,2,2,2,2,2,2,2,2,2,2,2,2,1,13,50,16,-54,-41,0,0,0,0,0,0,0,0,0,0,0,0,0,0,0,0,-26,-28,23,47,14,2,3,3,2,2,2,2,2,3,6,32,34,-27,-46,-8,0,0,0,0,0,0,0,0,0,0,0,0,0,1,-7,-50,-19,54,47,8,2,2,2,55,37,
0,0,0,2,1,-32,-23,27,40,8,2,2,2,1,3,16,41,3,-42,-26,-2,-1,0,0,0,0,0,0,-19,-23,15,41,14,2,2,2,2,2,2,3,1,2,3,2,5,20,7,-21,-23,-1,0,0,0,0,0,0,0,0,0,0,0,0,0,0,0,0,0,0,0,0,0,0,0,2,-3,-25,-5,29,23,4,2,2,2,2,2,2,2,2,1,2,4,3,4,21,24,-22,-37,-5,0,0,0,0,0,0,0,0,0,0,0,0,1,0,-21,-22,20,40,15,2,3,2,2,3,2,2,2,2,2,2,1,2,2,2,1,12,51,21,-53,-45,0,0,0,0,0,0,0,0,0,0,0,0,0,0,1,0,-32,-27,23,45,13,2,4,2,2,2,2,2,2,2,5,31,36,-27,-47,-6,0,0,0,0,0,0,0,0,0,0,0,0,0,0,0,-52,-29,48,52,10,2,2,2,55,37,
0,0,0,2,1,-29,-16,29,32,6,1,2,2,1,2,18,40,-1,-40,-20,0,-3,0,0,0,0,1,0,-26,-24,23,46,13,2,2,2,2,2,2,2,3,2,2,3,9,25,0,-28,-25,-2,-1,0,0,0,0,0,0,0,0,0,0,0,0,0,0,0,0,0,0,0,0,0,1,0,-12,-23,7,33,19,3,4,2,2,2,2,2,2,2,3,2,3,2,5,26,16,-26,-33,0,-1,0,0,0,0,0,0,0,0,0,0,0,2,1,-27,-23,22,41,12,3,1,2,3,2,2,2,2,2,2,2,2,2,3,2,1,10,46,23,-50,-47,0,0,0,0,0,0,0,0,0,0,0,0,0,0,1,1,-30,-28,27,41,12,3,2,2,2,2,2,2,2,2,5,31,39,-24,-47,-8,0,0,0,0,0,0,0,0,0,0,0,0,0,0,2,-48,-37,40,57,12,2,2,2,55,37,
0,0,0,3,-2,-26,-5,32,26,3,2,2,4,1,2,17,34,-6,-36,-15,0,-3,0,0,0,0,1,0,-33,-27,29,45,13,2,2,2,2,2,2,1,1,2,1,3,16,28,-5,-32,-15,0,-1,0,0,0,0,0,0,0,0,0,0,0,0,0,0,0,0,0,0,0,0,0,1,0,-20,-25,15,37,13,4,3,2,2,2,2,2,2,2,2,1,0,2,7,28,11,-30,-34,0,0,0,0,0,0,0,0,0,0,0,0,0,3,2,-26,-22,25,37,10,3,1,2,3,2,2,2,2,2,2,2,2,2,2,2,2,10,46,22,-44,-45,0,0,0,0,0,0,0,0,0,0,0,0,0,0,2,2,-25,-19,24,33,7,2,2,2,2,2,2,2,2,2,5,30,37,-26,-49,-10,0,0,0,0,0,0,0,0,0,0,0,0,0,0,2,-39,-45,31,57,13,2,2,2,55,37,
0,0,0,4,-7,-25,4,35,20,3,3,3,2,1,2,18,20,-14,-29,-5,0,0,0,0,0,0,2,0,-36,-29,30,43,10,2,2,2,2,2,2,2,3,4,2,3,19,20,-13,-27,-6,0,-1,0,0,0,0,0,0,0,0,0,0,0,0,0,0,0,0,0,0,0,0,0,2,1,-23,-22,22,36,12,3,2,2,2,2,2,2,2,2,3,1,2,4,12,34,8,-37,-32,0,0,0,0,0,0,0,0,0,0,0,0,-1,2,2,-19,-13,26,26,5,2,2,2,2,2,2,2,2,2,2,2,3,2,2,3,2,9,44,20,-43,-41,0,0,0,0,0,0,0,0,0,0,0,0,0,0,2,0,-27,-9,30,30,4,2,2,2,2,2,2,2,2,2,5,30,35,-22,-44,-9,0,0,0,0,0,0,0,0,0,0,0,0,0,0,3,-37,-43,27,55,14,2,2,2,55,37,
0,0,0,3,-14,-25,13,42,15,2,2,2,2,2,3,21,11,-25,-27,0,0,0,0,0,0,0,3,1,-39,-29,32,44,8,2,2,2,2,2,2,2,1,1,1,3,22,14,-24,-26,0,0,0,0,0,0,0,0,0,0,0,0,0,0,0,0,0,0,0,0,0,0,0,0,2,2,-24,-19,24,32,7,2,2,2,2,2,2,2,2,3,3,2,2,2,11,37,8,-39,-28,0,0,0,0,0,0,0,0,0,0,0,0,0,1,-5,-14,2,27,20,2,2,2,2,2,2,2,2,2,2,2,2,2,2,2,2,3,8,44,17,-46,-40,0,0,0,0,0,0,0,0,0,0,0,0,0,0,3,-8,-29,0,34,26,3,2,2,2,2,2,2,2,2,2,5,30,33,-25,-45,-8,0,0,0,0,0,0,0,0,0,0,0,0,0,0,2,-33,-43,24,55,14,2,2,2,55,37,
0,0,0,1,-25,-25,20,43,15,3,2,2,1,3,9,29,8,-30,-31,-1,0,0,0,0,0,0,3,1,-38,-28,33,41,9,2,2,2,2,2,2,2,3,2,4,9,25,9,-27,-30,-1,-1,0,0,0,0,0,0,0,0,0,0,0,0,0,0,0,0,0,0,0,0,0,0,2,0,-21,-9,28,28,4,1,2,2,2,2,2,2,2,2,2,2,3,1,14,36,0,-40,-25,0,0,0,0,0,0,0,0,0,0,0,0,2,0,-15,-15,14,32,13,3,2,2,3,2,2,2,2,2,2,2,2,2,2,2,2,1,9,45,19,-48,-42,0,-1,0,0,0,0,0,0,0,0,0,0,0,0,3,-12,-33,4,41,22,2,3,2,2,2,2,2,2,2,1,6,31,33,-25,-43,-8,0,0,0,0,0,0,0,0,0,0,0,0,0,0,2,-31,-42,22,55,16,2,2,2,55,37,
0,0,1,1,-29,-26,22,40,13,3,2,2,2,3,9,30,6,-30,-27,-1,0,0,0,0,0,-1,4,0,-31,-20,32,36,8,2,2,2,2,2,3,2,2,2,2,9,31,4,-31,-27,-1,-1,0,0,0,0,0,0,0,0,0,0,0,0,0,0,0,0,0,0,0,0,0,0,2,-5,-22,1,31,20,3,2,2,2,2,2,2,2,2,2,2,2,1,1,18,35,-3,-35,-16,0,0,0,0,0,0,0,0,0,0,0,0,3,1,-20,-16,19,31,11,2,2,2,3,2,2,2,2,2,2,2,2,2,2,2,2,1,12,50,19,-51,-42,0,0,-1,0,0,0,0,0,0,0,0,0,0,0,2,-15,-33,8,43,19,2,3,2,2,2,2,2,2,2,1,6,33,31,-27,-43,-6,0,0,0,0,0,0,0,0,0,0,0,0,0,0,2,-30,-44,19,56,20,2,2,2,55,37,
0,0,2,2,-26,-22,25,35,9,3,2,2,3,2,9,21,0,-24,-17,0,0,0,0,0,0,-2,4,-4,-25,-9,31,27,4,2,2,2,2,2,2,2,3,3,2,12,34,2,-34,-20,0,0,0,0,0,0,0,0,0,0,0,0,0,0,0,0,0,0,0,0,0,0,0,0,2,-12,-23,12,39,19,2,3,2,2,2,2,2,2,2,2,3,2,2,4,19,21,-15,-28,-7,0,0,0,0,0,0,0,0,0,0,0,0,3,2,-20,-9,23,28,7,2,2,2,2,2,2,2,2,2,2,2,2,1,1,2,2,2,12,53,24,-50,-50,0,0,0,0,0,0,0,0,0,0,0,0,0,0,1,-19,-31,17,43,17,2,2,2,2,2,2,2,2,2,2,7,32,31,-28,-43,-3,0,0,0,0,0,0,0,0,0,0,0,0,0,0,2,-28,-50,13,58,25,2,2,2,55,37,
0,-1,4,0,-24,-13,27,29,4,2,2,2,3,3,14,11,-11,-21,-3,0,-1,0,0,0,0,-1,2,-7,-23,1,34,21,4,2,2,2,2,2,2,4,2,1,3,16,29,-6,-33,-13,0,0,0,0,0,0,0,0,0,0,0,0,0,0,0,0,0,0,0,0,0,0,0,0,1,-22,-25,20,41,15,2,3,2,3,2,2,2,2,2,2,2,1,2,3,23,12,-26,-27,0,0,0,0,0,0,0,0,0,0,0,0,1,1,-2,-18,0,25,21,2,2,2,2,2,2,2,2,2,2,2,2,2,2,2,3,3,2,11,51,32,-45,-53,-3,0,0,0,0,0,0,0,0,0,0,0,0,1,0,-23,-25,23,45,14,4,3,2,2,2,2,2,2,2,2,6,31,29,-29,-43,-4,-1,0,0,0,0,0,0,0,0,0,0,0,0,0,2,-23,-51,6,57,28,3,1,2,54,37,
0,-1,4,-4,-25,-2,31,25,3,2,3,1,1,5,20,3,-21,-21,0,0,0,0,0,0,0,0,1,-14,-26,11,41,17,4,2,2,2,2,2,2,3,2,0,3,22,25,-17,-32,-7,0,0,0,0,0,0,0,0,0,0,0,0,0,0,0,0,0,0,0,0,0,0,0,1,0,-25,-23,24,44,13,3,2,3,2,2,2,2,2,2,2,2,2,4,8,31,10,-35,-33,0,0,0,0,0,0,0,0,0,0,0,0,0,0,-12,-17,13,31,15,3,2,2,3,2,2,2,2,2,2,2,2,2,2,2,2,2,3,8,44,34,-36,-50,-3,0,0,0,0,0,0,0,0,0,0,0,0,1,0,-28,-26,28,41,12,3,3,2,2,2,2,2,2,2,3,6,33,29,-30,-45,-5,-1,0,0,0,0,0,0,0,0,0,0,0,0,0,2,-19,-50,0,55,31,3,3,2,56,37,
0,-1,1,-10,-27,4,40,22,2,2,3,2,2,10,25,2,-26,-21,0,0,0,0,0,0,0,1,2,-24,-26,20,43,16,3,2,2,2,2,2,2,2,2,1,5,24,23,-23,-32,0,0,0,0,0,0,0,0,0,0,0,0,0,0,0,0,0,0,0,0,0,0,0,0,2,1,-27,-23,23,38,9,1,2,2,2,2,2,2,2,2,2,3,3,2,8,40,14,-43,-36,0,0,0,0,0,0,0,0,0,0,0,0,1,0,-22,-19,23,37,11,2,2,2,3,2,2,2,2,2,2,2,2,2,3,3,2,2,1,6,38,31,-32,-43,-1,0,0,0,0,0,0,0,0,0,0,0,0,2,1,-29,-25,28,40,7,3,3,2,2,2,2,2,2,2,2,6,35,32,-29,-47,-5,0,0,0,0,0,0,0,0,0,0,0,0,0,0,2,-15,-51,-8,54,35,5,3,2,54,37,
0,0,0,-17,-26,13,41,19,3,3,3,3,0,9,17,-1,-23,-11,0,-1,0,0,0,0,0,1,1,-31,-30,26,48,13,2,2,2,2,2,2,2,2,3,1,6,27,17,-28,-33,0,0,0,0,0,0,0,0,0,0,0,0,0,0,0,0,0,0,0,0,0,0,0,0,2,2,-22,-12,24,31,7,2,4,2,2,2,2,2,2,2,2,2,2,1,11,47,16,-47,-40,0,0,0,0,0,0,0,0,0,0,0,0,2,1,-29,-21,27,38,10,3,2,3,2,3,2,2,2,2,2,2,2,2,2,2,2,2,2,6,37,24,-35,-43,0,0,0,0,0,0,0,0,0,0,0,0,0,2,1,-30,-18,29,35,5,1,4,2,2,2,2,2,2,2,2,7,35,37,-28,-48,-6,0,0,0,0,0,0,0,0,0,0,0,0,0,0,2,-14,-54,-13,53,41,7,3,2,56,37,
0,2,0,-20,-24,18,39,13,1,1,2,1,3,15,10,-13,-21,-1,0,0,0,0,0,0,0,1,2,-33,-32,29,46,12,2,2,2,2,2,2,2,2,3,1,7,31,14,-32,-37,0,0,0,0,0,0,0,0,0,0,0,0,0,0,0,0,0,0,0,0,0,0,0,-1,3,0,-21,-3,27,22,4,3,2,2,2,2,2,2,2,2,2,2,3,1,12,50,15,-46,-41,0,0,0,0,0,0,0,0,0,0,0,0,2,1,-32,-21,27,34,7,2,2,2,2,2,2,2,2,2,2,2,2,2,2,2,2,2,3,6,41,26,-39,-44,0,0,0,0,0,0,0,0,0,0,0,0,0,3,-1,-27,-11,32,32,5,2,2,2,2,2,2,2,2,2,1,7,33,39,-27,-48,-5,0,0,0,0,0,0,0,0,0,0,0,0,0,0,1,-9,-57,-22,53,45,9,2,2,54,37,
0,2,1,-24,-21,23,35,11,3,4,3,3,5,19,3,-23,-22,0,0,0,0,0,0,0,0,1,1,-34,-30,28,42,10,3,2,2,2,2,2,2,2,2,1,9,37,13,-37,-34,0,0,0,0,0,0,0,0,0,0,0,0,0,0,0,0,0,0,0,0,0,0,0,-1,3,-9,-23,6,34,17,4,3,2,2,2,2,2,2,2,2,2,1,1,2,12,46,12,-44,-40,0,0,0,0,0,0,0,0,0,0,0,0,3,0,-26,-13,27,29,5,3,2,2,2,2,2,2,2,2,2,2,2,2,2,2,1,2,3,9,42,32,-37,-49,-3,0,0,0,0,0,0,0,0,0,0,0,0,3,-6,-29,-4,35,25,4,2,3,2,2,2,2,2,2,2,1,5,34,39,-29,-49,-9,0,0,0,0,0,0,0,0,0,0,0,0,0,0,1,-5,-56,-30,50,52,11,2,2,55,37,
0,2,2,-23,-15,27,32,8,2,2,3,1,8,20,0,-25,-19,0,0,0,0,0,0,0,0,2,1,-30,-27,28,41,8,3,2,2,2,2,2,2,2,2,2,11,39,7,-37,-30,0,0,0,0,0,0,0,0,0,0,0,0,0,0,0,0,0,0,0,0,0,0,0,0,1,-19,-22,15,38,15,2,3,3,2,2,2,2,2,2,2,2,2,1,3,11,39,9,-38,-32,-1,-1,0,0,0,0,0,0,0,0,0,0,2,-3,-22,-1,30,24,4,1,2,2,2,2,2,2,2,2,2,2,2,2,2,2,2,2,4,9,41,37,-33,-49,-3,0,-2,0,0,0,0,0,0,0,0,0,0,3,-7,-30,2,42,22,3,3,2,2,2,2,2,2,2,2,2,5,33,43,-26,-53,-11,0,0,0,0,0,0,0,0,0,0,0,0,0,0,0,1,-50,-39,41,56,12,3,2,55,37,
-1,4,-1,-24,-7,30,29,4,2,2,2,3,12,14,-7,-22,-6,0,0,0,0,0,0,0,0,2,0,-31,-18,31,36,6,3,2,2,2,2,2,2,2,3,2,12,35,3,-39,-28,0,0,0,0,0,0,0,0,0,0,0,0,0,0,0,0,0,0,0,0,0,0,0,2,1,-20,-20,17,37,13,3,1,3,2,2,2,2,2,2,2,1,2,3,3,14,34,2,-36,-25,0,-1,0,0,0,0,0,0,0,0,0,0,1,-11,-20,11,36,17,3,2,2,3,1,2,2,2,2,2,2,2,2,1,1,2,2,2,1,7,37,34,-27,-46,-4,0,0,0,0,0,0,0,0,0,0,0,0,2,-13,-27,10,41,20,2,3,2,2,2,2,2,2,2,2,2,4,32,51,-17,-56,-15,0,0,0,0,0,0,0,0,0,0,0,0,0,0,0,2,-44,-44,34,56,13,3,2,55,37,
-2,3,-7,-25,0,36,26,4,2,3,2,4,18,6,-19,-21,0,0,0,0,0,0,0,0,0,2,-1,-29,-12,36,33,6,2,2,2,2,2,2,2,2,3,3,16,36,-2,-41,-21,0,0,0,0,0,0,0,0,0,0,0,0,0,0,0,0,0,0,0,0,0,0,0,3,3,-18,-13,18,26,9,2,1,2,3,3,2,2,2,2,2,2,3,4,1,16,35,-4,-38,-15,0,-1,0,0,0,0,0,0,0,0,0,1,0,-21,-23,20,38,13,2,2,2,2,2,2,3,2,2,2,2,2,2,2,2,3,4,2,1,7,33,25,-28,-39,0,0,0,0,0,0,0,0,0,0,0,0,2,2,-22,-28,17,44,17,3,2,2,2,2,2,2,2,2,3,3,4,30,55,-13,-58,-21,0,0,0,0,0,0,0,0,0,0,0,0,0,0,0,2,-39,-44,30,55,15,2,2,54,38,
-1,3,-11,-27,4,40,22,3,2,1,2,6,21,0,-22,-18,0,0,0,0,0,0,0,0,0,2,-4,-31,-9,36,29,5,1,2,2,2,2,2,2,2,3,3,16,32,-7,-41,-18,0,0,0,0,0,0,0,0,0,0,0,0,0,0,0,0,0,0,0,0,0,0,0,1,0,-12,0,21,20,3,4,2,2,3,2,2,2,2,2,2,1,2,2,2,20,37,-11,-40,-12,0,0,0,0,0,0,0,0,0,0,0,2,1,-24,-22,25,38,11,2,3,2,2,2,2,2,2,2,2,2,2,2,2,2,2,2,2,2,7,34,15,-34,-34,0,0,0,0,0,0,0,0,0,0,0,0,2,1,-28,-26,23,43,13,2,2,2,2,2,2,2,2,2,2,1,1,24,57,-3,-59,-26,0,0,0,0,0,0,0,0,0,0,0,0,0,0,0,1,-33,-41,27,53,15,1,2,55,37,
0,1,-16,-26,12,41,20,3,2,2,2,9,22,-2,-24,-11,0,0,0,0,0,0,0,0,0,2,-8,-31,0,41,26,4,3,2,2,2,2,2,2,2,1,4,22,30,-14,-36,-13,0,0,0,0,0,0,0,0,0,0,0,0,0,0,0,0,0,0,0,0,0,0,2,1,-8,-7,11,24,8,2,2,2,3,2,2,2,2,2,2,2,3,2,3,3,21,33,-15,-41,-11,0,0,0,0,0,0,0,0,0,0,0,3,1,-31,-20,27,36,8,2,2,2,2,3,2,2,2,2,2,2,2,2,3,3,2,2,2,2,8,37,13,-39,-36,0,0,0,0,0,0,0,0,0,0,0,0,2,1,-32,-27,26,40,12,3,2,2,2,2,2,2,2,2,2,2,2,21,61,5,-60,-35,0,0,0,0,0,0,0,0,0,0,0,0,0,0,0,2,-33,-43,25,54,15,1,3,53,38,
0,1,-22,-26,20,44,16,2,2,2,3,15,13,-10,-23,-1,0,0,0,0,0,0,0,0,0,2,-13,-31,7,42,23,3,3,2,2,2,2,2,2,2,1,4,23,25,-21,-34,-4,0,0,0,0,0,0,0,0,0,0,0,0,0,0,0,0,0,0,0,0,0,0,2,2,-14,-5,19,24,6,1,2,3,3,2,3,2,2,2,2,2,2,2,1,4,23,33,-18,-40,-9,0,0,0,0,0,0,0,0,0,0,0,2,0,-33,-20,34,36,6,2,2,2,2,2,2,2,2,2,2,2,2,2,2,2,2,2,1,3,9,38,10,-38,-33,-1,-1,0,0,0,0,0,0,0,0,0,0,3,1,-33,-24,27,36,9,1,2,2,3,2,2,2,2,2,2,3,2,14,58,24,-54,-51,-2,0,0,0,0,0,0,0,0,0,0,0,0,0,0,2,-32,-44,21,56,20,3,3,56,37,
1,0,-26,-26,24,47,14,2,2,2,3,17,5,-19,-22,-1,0,0,0,0,0,0,0,0,1,3,-19,-31,13,43,21,2,2,2,2,2,2,2,2,2,1,6,28,20,-28,-34,0,0,0,0,0,0,0,0,0,0,0,0,0,0,0,0,0,0,0,0,0,0,0,1,0,-13,1,20,19,2,2,2,3,2,3,2,2,2,2,2,2,3,1,2,4,27,30,-20,-39,-7,0,0,0,0,0,0,0,0,0,0,0,3,-3,-37,-15,38,34,7,2,2,2,2,2,2,2,2,2,2,2,2,2,2,2,2,2,1,2,13,38,6,-35,-29,-1,-3,0,0,0,0,0,0,0,0,0,0,3,0,-30,-17,32,35,7,1,2,3,3,2,2,2,2,2,2,2,2,10,55,42,-43,-60,-8,0,0,0,0,0,0,0,0,0,0,0,0,0,0,2,-29,-49,16,57,23,2,2,54,37,
1,0,-29,-27,26,44,12,3,3,2,9,20,0,-23,-20,0,0,0,0,0,0,0,0,0,0,1,-24,-33,15,44,19,4,3,2,2,2,2,2,2,2,1,6,32,17,-35,-37,0,0,0,0,0,0,0,0,0,0,0,0,0,0,0,0,0,0,0,0,0,0,1,1,-6,-8,9,24,12,2,2,1,1,2,2,2,2,2,2,2,2,2,2,2,5,29,29,-26,-41,-3,0,0,0,0,0,0,0,0,0,0,0,2,-4,-36,-14,40,36,7,2,2,2,2,2,2,2,2,2,2,2,2,2,2,2,2,2,1,2,15,35,0,-36,-20,-1,-2,0,0,0,0,0,0,0,0,0,0,3,-3,-36,-15,38,35,7,1,2,3,2,2,2,2,2,2,2,2,2,6,43,52,-29,-62,-14,0,0,0,0,0,0,0,0,0,0,0,0,0,0,2,-24,-51,8,60,30,2,3,54,37,
2,1,-26,-26,26,39,9,2,4,3,12,20,-5,-25,-12,0,0,0,0,0,0,0,0,0,1,0,-29,-31,23,46,14,3,3,2,2,2,2,2,2,2,2,6,41,16,-42,-38,0,0,0,0,0,0,0,0,0,0,0,0,0,0,0,0,0,0,0,0,0,0,2,2,-11,-6,15,24,7,1,3,2,3,3,3,2,2,2,2,2,2,1,2,3,3,28,22,-26,-38,0,0,0,0,0,0,0,0,0,0,0,0,2,-4,-39,-12,41,34,6,2,2,2,2,2,2,2,2,2,2,2,2,2,2,1,2,2,1,3,18,27,-10,-31,-11,0,-1,0,0,0,0,0,0,0,0,0,0,2,-4,-41,-17,45,37,7,3,2,2,2,2,2,2,2,2,2,2,1,4,32,58,-18,-60,-19,0,0,0,0,0,0,0,0,0,0,0,0,0,0,1,-20,-60,-4,62,41,5,3,56,37,
3,1,-26,-17,27,33,7,3,1,4,18,15,-16,-26,-4,0,0,0,0,0,0,0,0,0,1,0,-33,-34,27,47,13,3,2,2,2,2,2,2,2,3,2,9,42,16,-45,-41,0,0,0,0,0,0,0,0,0,0,0,0,0,0,0,0,0,0,0,0,0,0,3,0,-15,0,21,21,3,4,3,3,2,3,2,2,2,2,2,2,2,2,3,2,6,29,16,-32,-36,0,0,0,0,0,0,0,0,0,0,0,0,2,-4,-40,-12,45,35,5,2,2,2,2,2,2,2,2,2,2,2,2,2,2,2,2,3,1,2,20,16,-20,-29,-1,0,0,0,0,0,0,0,0,0,0,0,-1,2,-2,-48,-22,51,44,8,3,2,3,2,2,2,2,2,2,2,3,2,3,28,58,-5,-62,-25,0,0,0,0,0,0,0,0,0,0,0,0,0,0,1,-11,-62,-24,57,53,8,4,54,37,
5,-3,-26,-8,28,29,4,1,2,6,26,10,-23,-25,0,0,0,0,0,0,0,0,0,0,1,0,-33,-31,30,46,12,2,3,2,2,2,2,2,2,3,3,11,43,18,-43,-40,0,0,0,0,0,0,0,0,0,0,0,0,0,0,0,0,0,0,0,0,0,0,1,-7,-11,6,27,13,4,3,2,3,2,2,2,2,2,2,2,2,2,1,2,2,8,37,10,-36,-35,0,0,0,0,0,0,0,0,0,0,0,0,2,-5,-40,-11,44,35,5,2,2,2,2,2,2,2,2,2,2,2,2,2,2,2,1,3,3,6,26,11,-27,-29,0,0,0,0,0,0,0,0,0,0,0,0,0,0,0,-52,-29,49,53,11,2,3,2,2,2,2,2,2,2,2,2,2,2,20,62,9,-59,-40,-1,0,0,0,0,0,0,0,0,0,0,0,0,0,0,0,-52,-40,43,61,17,2,57,37,
3,-6,-27,0,37,25,4,2,2,8,28,8,-32,-29,0,0,0,0,0,0,0,0,0,0,1,0,-33,-31,30,43,10,2,3,2,2,2,2,2,2,2,2,12,45,14,-43,-35,0,0,0,0,0,0,0,0,0,0,0,0,0,0,0,0,0,0,0,0,0,2,1,-17,-16,19,31,9,1,2,2,2,2,2,2,2,2,2,2,2,2,3,2,3,10,41,11,-41,-33,0,0,0,0,0,0,0,0,0,0,0,0,3,-5,-40,-10,44,34,5,2,2,2,2,2,2,2,2,2,2,2,2,2,1,3,2,3,4,8,33,9,-39,-35,0,0,0,0,0,0,0,0,0,0,0,0,0,0,2,-49,-40,40,60,12,2,2,2,2,2,2,2,2,2,2,2,3,3,14,58,32,-52,-53,-5,0,0,0,0,0,0,0,0,0,0,0,0,0,0,2,-42,-55,27,65,21,3,53,38,
2,-12,-26,8,37,17,3,3,4,11,31,5,-33,-24,0,0,0,0,0,0,0,0,0,0,1,0,-37,-28,33,42,8,2,3,2,2,2,2,2,2,2,2,14,45,8,-42,-32,0,0,0,0,0,0,0,0,0,0,0,0,0,0,0,0,0,0,0,0,0,3,2,-22,-14,23,32,7,3,3,3,2,2,2,2,2,2,2,2,2,3,2,1,2,10,44,9,-38,-31,0,0,0,0,0,0,0,0,0,0,0,0,5,-5,-36,-8,40,32,5,2,2,2,2,2,2,2,2,2,2,2,2,2,2,2,3,2,2,10,37,10,-40,-29,0,0,0,0,0,0,0,0,0,0,0,0,0,0,4,-40,-49,30,59,14,1,2,2,2,2,2,2,2,2,2,3,2,2,7,50,44,-38,-62,-12,0,0,0,0,0,0,0,0,0,0,0,0,0,0,1,-27,-62,7,67,35,4,55,37,
1,-17,-19,16,34,13,3,3,3,13,25,-1,-28,-15,0,0,0,0,0,0,0,0,0,0,2,1,-38,-24,33,41,7,3,2,2,2,2,2,2,2,2,2,15,44,3,-44,-29,0,0,0,0,0,0,0,0,0,0,0,0,0,0,0,0,0,0,0,0,0,4,1,-24,-8,26,27,5,2,2,2,2,2,2,2,2,2,2,2,2,2,3,2,2,12,39,3,-40,-27,0,0,0,0,0,0,0,0,0,0,0,-1,3,-8,-33,-5,39,27,4,2,2,2,2,2,2,2,2,2,2,2,2,2,2,2,2,2,1,12,34,4,-34,-27,0,-1,0,0,0,0,0,0,0,0,0,0,0,0,6,-35,-50,20,59,19,2,2,3,2,2,2,2,2,2,2,2,2,1,6,37,57,-22,-65,-20,0,0,0,0,0,0,0,0,0,0,0,0,0,0,0,-16,-64,-17,62,49,9,54,37,
2,-18,-13,23,30,8,2,1,3,18,16,-14,-26,-4,0,0,0,0,0,0,0,0,0,0,2,0,-37,-21,35,41,8,2,2,2,2,2,2,2,2,2,2,15,43,1,-44,-26,0,0,0,0,0,0,0,0,0,0,0,0,0,0,0,0,0,0,0,0,0,2,-5,-16,2,28,19,4,2,2,2,2,2,2,2,2,2,2,2,2,2,2,2,2,16,38,-1,-38,-21,0,0,0,0,0,0,0,0,0,0,0,-2,3,-10,-29,3,41,24,4,2,2,2,2,2,2,2,2,2,2,2,2,2,3,2,1,2,1,19,28,-3,-31,-16,-1,-1,0,0,0,0,0,0,0,0,0,0,0,-3,6,-27,-47,15,57,21,2,2,2,2,2,2,2,2,2,2,2,2,2,4,31,62,-3,-65,-31,0,-2,0,0,0,0,0,0,0,0,0,0,0,0,0,-2,-58,-38,46,61,15,56,36,
-1,-20,-6,24,27,5,2,1,5,24,10,-23,-26,0,0,0,0,0,0,0,0,0,0,0,2,0,-36,-17,33,35,6,1,2,2,2,2,2,2,2,2,2,17,39,0,-42,-21,0,0,0,0,0,0,0,0,0,0,0,0,0,0,0,0,0,0,0,0,2,1,-10,-13,8,30,13,3,2,2,2,2,2,2,2,2,2,2,2,2,2,2,2,2,21,35,-7,-39,-15,0,0,0,0,0,0,0,0,0,0,0,-1,3,-16,-31,8,43,20,3,2,2,2,2,2,2,2,2,2,2,2,2,2,2,1,1,2,4,19,21,-15,-28,-5,-1,-1,0,0,0,0,0,0,0,0,0,0,0,-6,3,-24,-42,14,54,22,3,1,2,2,2,2,2,2,2,2,2,2,2,3,22,63,13,-56,-43,-3,-2,-1,0,0,0,0,0,0,0,0,0,0,0,0,3,-44,-48,30,62,17,54,36,
-5,-18,0,28,19,3,2,2,7,24,6,-28,-30,0,0,0,0,0,0,0,0,0,0,0,2,-1,-31,-10,38,31,4,2,2,2,2,2,2,2,2,1,3,18,35,-7,-41,-15,0,0,0,0,0,0,0,0,0,0,0,0,0,0,0,0,0,0,0,0,3,3,-10,-6,14,24,8,3,2,2,2,2,2,2,2,2,2,2,2,2,2,2,3,4,22,33,-13,-41,-13,0,0,0,0,0,0,0,0,0,0,0,0,3,-20,-29,17,46,18,2,2,2,2,2,2,2,2,2,2,2,2,2,2,2,1,2,3,5,24,13,-25,-31,0,0,0,0,0,0,0,0,0,0,0,0,0,0,-4,3,-24,-40,13,51,24,2,1,2,3,2,2,2,2,2,2,2,2,3,3,13,58,38,-47,-59,-8,0,-1,0,0,0,0,0,0,0,0,0,0,0,-3,4,-29,-50,19,60,21,56,38,
-15,-19,11,36,15,2,2,3,10,27,4,-31,-23,0,0,0,0,0,0,0,0,0,0,0,2,-7,-32,-1,41,27,3,3,2,2,2,2,2,2,2,1,4,23,34,-15,-40,-11,0,0,0,0,0,0,0,0,0,0,0,0,0,0,0,0,0,0,0,0,1,-1,-7,2,18,14,4,2,2,2,2,2,2,2,2,2,2,2,2,2,2,2,2,4,22,30,-18,-39,-10,0,0,0,0,0,0,0,0,0,0,0,0,0,-24,-25,20,44,13,2,2,2,2,2,2,2,2,2,2,2,2,2,2,2,1,3,2,9,27,8,-32,-32,0,0,0,0,0,0,0,0,0,0,0,0,0,0,0,3,-23,-43,8,53,26,4,2,2,3,2,2,2,2,2,2,2,2,3,2,5,45,57,-29,-69,-14,0,-1,0,0,0,0,0,0,0,0,0,0,0,-3,3,-24,-46,9,57,26,55,38,
-22,-18,19,38,12,4,3,2,13,23,-2,-27,-13,0,0,0,0,0,0,0,0,0,0,0,2,-12,-37,1,48,29,4,2,2,2,2,2,2,2,2,2,4,22,27,-20,-38,-8,0,0,0,0,0,0,0,0,0,0,0,0,0,0,0,0,0,0,0,2,2,-7,-7,10,20,7,1,2,2,2,2,2,2,2,2,2,2,2,2,2,2,2,1,4,24,21,-24,-34,-5,0,0,0,0,0,0,0,0,0,0,0,2,1,-22,-21,21,38,13,2,2,2,2,2,2,2,2,2,2,2,2,2,2,1,3,3,2,9,36,4,-34,-28,0,0,0,0,0,0,0,0,0,0,0,0,0,0,0,4,-19,-43,5,55,28,4,3,3,2,2,2,2,2,2,2,2,2,2,2,4,31,65,-11,-70,-30,0,0,0,0,0,0,0,0,0,0,0,0,0,0,3,-20,-46,4,54,28,56,37,
-24,-15,24,36,10,3,2,3,17,15,-13,-23,-1,0,0,0,0,0,0,0,0,0,0,0,2,-16,-38,1,46,29,4,2,2,2,2,2,2,2,2,2,6,26,23,-25,-36,-4,0,0,0,0,0,0,0,0,0,0,0,0,0,0,0,0,0,0,0,1,3,-7,-2,15,22,5,2,2,2,2,2,2,2,2,2,2,2,2,2,2,2,2,2,5,27,15,-23,-32,0,0,0,0,0,0,0,0,0,0,0,-1,3,2,-21,-12,23,30,8,2,2,2,2,2,2,2,2,2,2,2,2,2,2,3,3,3,2,14,39,3,-39,-23,0,0,0,0,0,0,0,0,0,0,0,0,0,0,0,2,-16,-46,-2,55,30,4,4,2,2,2,2,2,2,2,2,2,1,2,2,2,22,62,9,-61,-39,0,-1,0,0,0,0,0,0,0,0,0,0,0,-1,3,-16,-44,0,54,29,58,36,
-25,-8,25,30,4,1,1,5,22,8,-27,-25,0,0,0,0,0,0,0,0,0,0,0,0,2,-16,-39,1,48,27,3,2,2,2,2,2,2,2,2,3,6,30,18,-31,-35,0,0,0,0,0,0,0,0,0,0,0,0,0,0,0,0,0,0,0,1,0,0,-5,2,18,14,4,3,2,2,2,2,2,2,2,2,2,2,2,2,2,2,1,1,2,15,11,-17,-22,0,0,0,0,0,0,0,0,0,0,0,0,2,-3,-21,-3,29,24,4,2,2,2,2,2,2,2,2,2,2,2,2,2,2,2,2,1,2,17,41,0,-40,-21,0,0,0,0,0,0,0,0,0,0,0,0,0,0,0,2,-13,-46,-2,56,32,4,3,2,2,2,2,2,2,2,2,2,2,2,3,2,12,58,31,-53,-52,-3,-2,-1,0,0,0,0,0,0,0,0,0,0,0,4,-12,-43,-2,49,29,56,36,
-21,2,29,26,4,1,2,10,29,5,-32,-28,-2,0,0,0,0,0,0,0,0,0,0,0,3,-17,-35,4,45,24,2,2,2,2,2,2,2,2,3,2,7,33,13,-37,-34,0,0,0,0,0,0,0,0,0,0,0,0,0,0,0,0,0,0,0,3,2,-7,-2,14,17,6,3,4,2,2,2,2,2,2,2,2,2,2,2,2,2,2,1,1,0,5,5,-10,-8,0,0,0,0,0,0,0,0,0,0,0,0,3,-12,-27,4,35,21,4,2,2,2,2,2,2,2,2,2,2,2,2,2,2,3,2,1,3,21,43,-3,-44,-18,0,0,0,0,0,0,0,0,0,0,0,0,0,0,0,1,-11,-46,-8,53,37,6,3,2,2,2,2,2,2,2,2,2,2,2,2,2,12,51,42,-43,-59,-6,0,0,0,0,0,0,0,0,0,0,0,0,0,2,-14,-44,-3,54,32,57,38,
-22,9,31,14,4,1,3,12,31,2,-35,-24,-1,0,0,0,0,0,0,0,0,0,0,0,2,-16,-33,8,46,24,2,2,2,2,2,2,2,2,2,2,12,38,13,-40,-33,0,0,0,0,0,0,0,0,0,0,0,0,0,0,0,0,0,0,0,2,2,-8,-2,19,20,4,3,2,2,2,2,2,2,2,2,2,2,2,2,2,2,2,3,0,-4,-3,1,-2,0,0,0,0,0,0,0,0,0,0,0,0,0,4,-16,-29,10,44,19,2,2,2,2,2,2,2,2,2,2,2,2,2,2,2,1,2,2,2,22,42,-7,-42,-19,0,0,0,0,0,0,0,0,0,0,0,0,0,0,0,1,-9,-51,-16,55,45,7,3,3,2,2,2,2,2,2,2,2,2,1,2,2,6,41,48,-30,-58,-10,0,0,0,0,0,0,0,0,0,0,0,0,0,1,-11,-52,-12,57,42,60,38,
-17,14,27,11,4,4,4,13,30,-3,-34,-18,0,-1,0,0,0,0,0,0,0,0,0,0,2,-18,-34,12,48,20,2,2,2,2,2,2,2,2,2,2,12,41,8,-41,-34,-1,0,0,0,0,0,0,0,0,0,0,0,0,0,0,0,0,0,2,0,-2,-8,5,22,13,2,3,2,3,2,2,2,2,2,2,2,2,2,2,2,2,2,2,0,-9,-9,-2,0,0,0,0,0,0,0,0,0,0,0,0,0,1,0,-21,-30,15,45,17,2,2,2,2,2,2,2,2,2,2,2,2,2,2,2,1,3,3,2,21,35,-10,-39,-14,0,0,0,0,0,0,0,0,0,0,0,0,0,0,0,1,-2,-54,-25,52,50,9,2,2,2,2,2,2,2,2,2,2,2,2,3,4,5,33,52,-20,-54,-15,0,0,0,0,0,0,0,0,0,0,0,0,0,0,-6,-58,-28,54,54,66,37,
-4,18,19,4,2,2,3,18,24,-12,-33,-11,0,0,0,0,0,0,0,0,0,0,0,0,2,-21,-35,15,50,20,2,3,2,2,2,2,2,2,2,2,11,40,5,-38,-30,-1,0,0,0,0,0,0,0,0,0,0,0,0,0,0,0,0,0,3,2,-8,-5,10,22,7,3,4,3,2,2,2,2,2,2,2,2,2,2,2,2,2,2,4,0,-11,-4,0,0,0,0,0,0,0,0,0,0,0,0,0,0,1,0,-28,-30,23,48,14,2,2,2,2,2,2,2,2,2,2,2,2,2,2,2,2,2,4,2,18,23,-16,-29,-3,0,0,0,0,0,0,0,0,0,0,0,0,0,0,0,1,0,-49,-28,43,52,9,2,2,3,2,2,2,2,2,2,2,2,2,2,2,3,30,48,-14,-53,-17,0,0,0,0,0,0,0,0,0,0,0,0,0,0,3,-52,-41,41,60,68,36,
7,26,14,4,2,2,6,23,21,-24,-30,-5,0,0,0,0,0,0,0,0,0,0,0,0,2,-25,-36,16,50,19,2,2,2,2,2,2,2,2,2,2,16,39,1,-39,-24,0,-1,0,0,0,0,0,0,0,0,0,0,0,0,0,0,0,0,3,2,-8,2,18,19,4,3,2,4,2,2,2,2,2,2,2,2,2,2,2,2,2,3,10,-1,-19,-12,0,0,0,0,0,0,0,0,0,0,0,0,0,0,1,0,-31,-28,26,44,13,2,3,2,2,2,2,2,2,2,2,2,2,2,2,2,3,2,2,4,22,13,-25,-30,0,0,0,0,0,0,0,0,0,0,0,0,0,0,0,0,2,1,-37,-32,33,46,11,2,2,3,2,2,2,2,2,2,2,3,2,1,2,3,26,49,-8,-51,-19,0,0,0,0,0,0,0,0,0,0,0,0,0,0,3,-39,-52,28,63,76,37,
22,33,13,2,2,1,6,27,15,-26,-30,0,0,0,0,0,0,0,0,0,0,0,0,0,2,-28,-40,18,51,17,2,2,2,2,2,2,2,2,2,2,18,38,-5,-42,-20,-3,-1,0,0,0,0,0,0,0,0,0,0,0,0,0,0,0,1,1,-2,-7,6,20,12,1,0,4,2,2,2,2,2,2,2,2,1,1,2,2,1,2,7,17,-1,-18,-15,-1,-1,0,0,0,0,0,0,0,0,0,0,0,0,2,1,-30,-29,26,40,13,3,3,2,2,2,2,2,2,2,2,2,2,2,2,2,2,2,2,7,27,8,-30,-31,0,0,0,0,0,0,0,0,0,0,0,0,0,0,0,0,2,1,-32,-25,30,38,9,3,2,2,2,2,2,2,2,2,2,2,2,2,3,4,23,45,-8,-49,-22,-1,0,0,0,0,0,0,0,0,0,0,0,0,0,2,-29,-57,12,63,83,36,
27,44,12,2,2,1,7,34,12,-31,-34,0,-1,0,0,0,0,0,0,0,0,0,0,0,2,-29,-38,18,51,18,2,4,2,2,2,2,2,2,2,2,22,36,-9,-41,-16,-2,-2,0,0,0,0,0,0,0,0,0,0,0,0,0,0,0,3,2,-6,-2,14,23,7,3,3,2,3,2,2,2,2,2,2,1,2,2,3,2,1,2,10,20,-3,-26,-17,0,-1,0,0,0,0,0,0,0,0,0,0,0,0,2,1,-25,-21,26,33,7,3,2,2,2,2,2,2,2,2,2,2,2,2,2,2,2,2,3,10,32,5,-30,-26,0,0,0,0,0,0,0,0,0,0,0,0,0,0,0,0,4,1,-27,-12,27,29,4,2,3,2,2,2,2,2,2,2,2,2,2,2,2,2,24,47,-3,-49,-23,-1,-2,0,0,0,0,0,0,0,0,0,0,0,0,1,-22,-59,-1,63,100,41,
35,47,8,2,2,1,10,38,11,-39,-35,-1,-2,0,0,0,0,0,0,0,0,0,0,0,0,-29,-36,21,48,15,4,3,2,2,2,2,2,2,2,3,22,34,-13,-40,-13,0,-3,0,0,0,0,0,0,0,0,0,0,0,0,0,0,0,0,0,-8,3,16,19,4,4,2,2,2,2,2,2,2,2,2,2,2,3,2,1,2,3,16,13,-10,-25,-4,0,0,0,0,0,0,0,0,0,0,0,0,0,0,2,-1,-26,-11,30,28,5,3,2,2,2,2,2,2,2,2,2,2,2,2,2,2,2,2,2,14,35,0,-35,-21,0,0,0,0,0,0,0,0,0,0,0,0,0,0,0,-1,3,-5,-23,-2,30,23,4,3,3,2,2,2,2,2,2,2,2,2,2,3,1,2,21,47,-2,-50,-26,0,-2,0,0,0,0,0,0,0,0,0,0,0,0,0,-11,-59,-21,60,112,45,
40,48,3,2,2,1,11,40,8,-39,-31,0,-1,0,0,0,0,0,0,0,0,0,0,1,0,-31,-30,24,44,13,2,3,2,2,2,2,2,2,2,4,22,30,-19,-37,-8,0,0,0,0,0,0,0,0,0,0,0,0,0,0,0,0,2,1,-8,-6,13,21,12,3,3,3,3,2,2,2,2,2,2,2,2,3,2,2,2,2,4,20,6,-21,-25,0,0,0,0,0,0,0,0,0,0,0,0,0,0,0,2,-6,-31,-4,35,27,5,2,2,2,2,2,2,2,2,2,2,2,2,2,2,2,3,2,4,16,30,-9,-36,-12,0,0,0,0,0,0,0,0,0,0,0,0,0,0,0,0,1,-10,-18,9,34,18,4,3,2,2,2,2,2,2,2,2,2,2,2,2,3,2,22,49,0,-50,-29,0,-1,0,0,0,0,0,0,0,0,0,0,0,0,0,0,-54,-37,44,119,51,
42,51,3,2,2,2,12,35,2,-37,-27,0,0,0,0,0,0,0,0,0,0,0,0,2,1,-30,-26,27,40,10,3,3,3,2,2,2,2,2,2,5,24,23,-26,-34,-3,0,0,0,0,0,0,0,0,0,0,0,0,0,0,0,0,3,2,-13,-7,16,22,5,3,2,2,2,3,3,2,2,2,2,2,3,1,1,2,3,2,6,23,4,-26,-27,-1,0,0,0,0,0,0,0,0,0,0,0,0,0,0,2,-10,-30,3,39,24,2,2,2,2,2,2,2,2,2,2,2,2,2,2,2,2,2,2,2,21,23,-15,-32,-5,0,0,0,0,0,0,0,0,0,0,0,0,0,0,0,2,1,-19,-17,20,33,9,3,2,2,2,2,2,2,2,2,2,2,2,2,2,2,2,19,50,1,-50,-30,0,0,0,0,0,0,0,0,0,0,0,0,0,0,0,2,-42,-55,26,129,63,
43,54,3,2,2,4,11,26,-3,-30,-17,0,0,0,0,0,0,0,0,0,0,0,0,3,1,-31,-21,28,37,6,1,2,2,2,2,2,2,2,2,6,30,16,-29,-33,0,0,0,0,0,0,0,0,0,0,0,0,0,0,0,0,0,2,1,-14,-1,21,20,2,1,3,1,2,3,2,2,2,2,2,2,2,2,2,3,4,2,9,25,1,-29,-21,-1,-1,0,0,0,0,0,0,0,0,0,0,0,0,1,1,-17,-26,10,40,18,2,3,2,2,2,2,2,2,2,2,2,2,2,2,2,2,2,2,3,24,13,-24,-31,0,0,0,0,0,0,0,0,0,0,0,0,0,0,0,0,3,2,-20,-16,24,32,6,2,2,2,2,2,2,2,2,2,2,2,2,3,2,3,2,16,49,4,-53,-31,0,0,0,0,0,0,0,0,0,0,0,0,0,0,0,2,-28,-66,6,129,82,
44,55,3,2,3,3,16,15,-11,-26,-4,0,0,0,0,0,0,0,0,0,0,0,0,2,0,-33,-18,34,36,6,1,2,2,2,2,2,2,2,2,7,34,11,-33,-34,0,0,0,0,0,0,0,0,0,0,0,0,0,0,0,0,2,0,-4,-12,5,24,14,2,3,3,2,2,2,2,2,2,2,2,2,2,2,3,3,1,4,18,25,-6,-31,-14,0,0,0,0,0,0,0,0,0,0,0,0,0,0,2,0,-22,-24,19,36,13,4,3,2,2,2,2,2,2,2,2,2,2,2,2,2,2,2,2,5,28,8,-26,-30,0,0,0,0,0,0,0,0,0,0,0,0,0,0,0,0,3,0,-19,-8,25,26,4,2,3,2,3,2,2,2,2,2,2,2,2,2,2,2,2,13,51,8,-54,-35,0,0,0,0,0,0,0,0,0,0,0,0,0,0,0,0,-13,-66,-23,122,96,
45,56,2,2,2,3,20,6,-23,-24,0,-1,0,0,0,0,0,0,0,0,0,0,0,2,-4,-36,-14,38,34,5,2,2,3,2,2,2,2,2,2,12,36,10,-38,-34,-1,0,0,0,0,0,0,0,0,0,0,0,0,0,0,0,2,2,-12,-7,13,25,9,3,1,1,2,4,2,2,2,2,2,2,2,2,3,3,2,2,3,21,18,-18,-26,-4,0,0,0,0,0,0,0,0,0,0,0,0,0,0,2,2,-22,-17,22,32,9,3,2,2,2,2,2,2,2,2,2,2,2,2,2,2,2,1,2,10,29,4,-27,-25,0,0,0,0,0,0,0,0,0,0,0,0,0,0,0,0,1,-7,-18,3,29,19,4,3,2,2,2,2,2,2,2,2,2,2,1,2,1,2,2,13,51,10,-53,-38,0,0,0,0,0,0,0,0,0,0,0,0,0,0,0,0,1,-57,-42,102,107,
45,55,2,2,3,9,29,4,-30,-25,0,0,0,0,0,0,0,0,0,0,0,0,0,2,-6,-40,-16,45,33,6,3,2,2,2,2,2,2,2,2,11,38,7,-38,-28,-1,-1,0,0,0,0,0,0,0,0,0,0,0,0,0,0,3,0,-15,1,20,21,4,4,2,3,3,3,2,2,2,2,2,2,2,2,2,2,2,1,6,25,12,-26,-29,0,0,0,0,0,0,0,0,0,0,0,0,0,0,0,2,0,-19,-11,22,27,4,3,2,2,2,2,2,2,2,2,2,2,2,2,2,2,2,1,3,15,26,0,-28,-16,0,0,0,0,0,0,0,0,0,0,0,0,0,0,0,1,0,-20,-20,15,37,15,3,3,2,2,2,2,2,2,2,2,2,1,2,2,3,2,3,12,52,15,-55,-43,0,0,0,0,0,0,0,0,0,0,0,0,0,0,0,0,2,-38,-55,77,109,
44,56,2,3,2,14,32,4,-35,-22,0,0,0,0,0,0,0,0,0,0,0,0,0,3,-6,-38,-12,43,31,5,4,2,2,2,2,2,2,2,2,14,37,0,-34,-23,0,-2,0,0,0,0,0,0,0,0,0,0,0,0,0,0,1,-5,-14,8,26,14,2,2,1,2,2,2,2,2,2,2,2,2,2,2,2,2,1,3,8,31,8,-31,-31,0,0,0,0,0,0,0,0,0,0,0,0,0,0,0,1,-4,-15,4,27,18,3,1,2,2,2,2,2,2,2,2,2,2,2,2,2,2,2,2,1,15,16,-13,-26,-3,0,0,0,0,0,0,0,0,0,0,0,0,0,0,0,2,0,-25,-24,23,41,13,2,2,2,2,2,2,2,2,2,2,2,2,2,3,2,2,2,12,55,24,-53,-46,0,0,0,0,0,0,0,0,0,0,0,0,0,0,0,0,1,-25,-67,53,113,
44,55,2,2,4,17,34,0,-36,-20,-1,-1,0,0,0,0,0,0,0,0,0,0,0,3,-6,-39,-8,42,30,5,3,2,2,2,2,2,2,2,4,15,30,-7,-33,-14,0,-1,0,0,0,0,0,0,0,0,0,0,0,0,0,1,1,-15,-11,16,32,12,2,2,2,3,2,2,2,2,2,2,2,2,2,2,2,2,2,2,8,28,9,-30,-29,0,-1,0,0,0,0,0,0,0,0,0,0,0,0,1,0,-12,-12,13,32,12,3,2,2,2,2,2,2,2,2,2,2,2,2,2,2,2,2,2,3,19,9,-22,-25,0,0,0,0,0,0,0,0,0,0,0,0,0,0,0,0,2,1,-28,-22,23,35,9,2,2,2,2,2,2,2,2,2,2,2,2,3,1,3,2,2,10,53,31,-50,-54,-1,0,0,0,0,0,0,0,0,0,0,0,0,0,0,0,0,-11,-67,25,101,
44,57,3,3,4,19,30,-13,-36,-13,-1,-1,0,0,0,0,0,0,0,0,0,0,0,3,-7,-38,-5,42,29,5,2,2,2,2,2,2,2,2,4,21,24,-15,-29,-5,0,0,0,0,0,0,0,0,0,0,0,0,0,0,0,5,2,-17,-10,18,27,6,2,2,2,2,2,2,2,2,2,2,2,2,2,2,1,2,2,2,6,18,0,-24,-18,0,0,0,0,0,0,0,0,0,0,0,0,0,0,3,2,-15,-12,17,30,11,2,3,2,2,2,2,2,2,2,2,2,2,2,2,2,2,2,2,7,22,2,-26,-22,0,0,0,0,0,0,0,0,0,0,0,0,0,0,0,-1,3,1,-25,-15,26,32,5,3,2,2,2,2,2,2,2,2,2,2,3,2,1,2,3,1,10,53,43,-41,-60,-8,-1,0,0,0,0,0,0,0,0,0,0,0,0,0,0,0,0,-54,6,74,
45,57,2,2,4,21,23,-16,-31,-7,0,-1,0,0,0,0,0,0,0,0,0,0,0,3,-9,-35,-3,44,27,4,3,2,2,2,2,2,2,2,4,23,14,-24,-30,0,0,0,0,0,0,0,0,0,0,0,0,0,0,0,0,2,0,-17,-3,23,20,4,2,2,2,2,2,2,2,2,2,2,2,2,2,2,2,2,4,1,9,3,-9,-18,-2,0,0,0,0,0,0,0,0,0,0,0,0,0,0,2,1,-17,-7,24,25,5,2,2,2,2,2,2,2,2,2,2,2,2,2,2,2,2,3,1,10,22,0,-28,-16,-1,0,0,0,0,0,0,0,0,0,0,0,0,0,0,-1,3,-4,-26,-4,31,25,3,2,1,2,2,2,2,2,2,2,2,2,2,2,2,2,3,1,7,47,53,-30,-63,-15,-1,0,0,0,0,0,0,0,0,0,0,0,0,0,0,0,0,-30,-8,41,
45,56,2,2,4,26,16,-25,-31,0,0,0,0,0,0,0,0,0,0,0,0,0,0,3,-11,-34,2,43,23,4,2,2,2,2,2,2,2,2,7,30,10,-29,-33,0,0,0,0,0,0,0,0,0,0,0,0,0,0,0,0,0,-9,-12,8,28,15,2,2,2,2,2,2,2,2,2,2,2,2,2,2,2,2,2,2,5,9,-2,-14,-9,0,-1,0,0,0,0,0,0,0,0,0,0,0,0,0,2,-8,-15,4,28,18,4,1,2,2,2,2,2,2,2,2,2,2,2,2,2,2,2,2,2,14,15,-7,-23,-8,-3,0,0,0,0,0,0,0,0,0,0,0,0,0,0,0,2,-12,-27,4,37,21,3,2,2,2,3,2,2,2,2,2,2,2,2,2,3,2,2,2,4,35,57,-20,-61,-21,-1,-2,0,0,0,0,0,0,0,0,0,0,0,0,0,0,0,-12,-9,16,
44,56,1,3,6,27,10,-26,-30,0,0,0,0,0,0,0,0,0,0,0,0,0,0,2,-14,-34,6,46,23,2,2,2,2,2,2,2,2,2,9,35,8,-34,-32,0,0,0,0,0,0,0,0,0,0,0,0,0,0,0,2,1,-18,-15,17,33,11,2,2,2,2,2,2,2,2,2,2,2,2,2,2,2,3,2,1,11,6,-10,-17,-6,0,0,0,0,0,0,0,0,0,0,0,0,0,0,2,2,-13,-18,12,31,12,3,4,2,3,2,2,2,2,2,2,2,2,2,2,2,2,2,2,4,17,5,-19,-20,0,0,0,0,0,0,0,0,0,0,0,0,0,0,0,0,0,2,-18,-30,13,43,19,3,3,2,2,2,2,2,2,2,2,2,2,2,2,3,2,2,3,3,29,58,-10,-54,-25,0,-2,0,0,0,0,0,0,0,0,0,0,0,0,0,0,0,-4,0,6,
44,55,1,2,10,29,2,-29,-25,0,0,0,0,0,0,0,0,0,0,0,0,0,0,2,-20,-35,14,47,19,2,2,2,2,2,2,2,2,2,11,37,5,-36,-29,0,0,0,0,0,0,0,0,0,0,0,0,0,0,0,4,2,-20,-15,23,31,9,2,2,2,2,2,2,2,2,2,2,2,2,2,2,3,2,2,3,14,2,-15,-16,-1,0,0,0,0,0,0,0,0,0,0,0,0,0,0,2,2,-16,-16,16,29,9,2,3,2,3,2,2,2,2,2,2,2,2,2,2,2,2,2,2,6,16,0,-20,-18,-1,-1,0,0,0,0,0,0,0,0,0,0,0,0,0,0,1,1,-24,-32,18,48,16,2,2,3,2,2,2,2,2,2,2,2,2,2,2,2,2,2,3,2,22,55,0,-52,-28,0,0,0,0,0,0,0,0,0,0,0,0,0,0,0,0,0,0,0,0,
44,56,3,2,15,25,0,-30,-13,0,0,0,0,0,0,0,0,0,0,0,0,0,1,0,-25,-31,17,48,17,2,2,2,2,2,2,1,2,2,12,32,0,-35,-19,0,0,0,0,0,0,0,0,0,0,0,0,0,0,-1,3,0,-20,-7,24,27,4,2,2,2,2,2,2,2,2,2,2,2,2,2,2,2,1,2,5,11,-2,-15,-13,0,0,0,0,0,0,0,0,0,0,0,0,0,0,0,2,0,-12,-4,19,25,7,3,3,3,2,2,2,2,2,2,2,1,2,1,3,2,2,1,2,11,10,-5,-20,-8,0,-1,0,0,0,0,0,0,0,0,0,0,0,0,0,0,1,2,-29,-30,23,46,14,2,1,3,2,2,2,2,2,2,2,2,2,2,2,2,2,2,2,2,16,55,3,-54,-31,0,0,0,0,0,0,0,0,0,0,0,0,0,0,0,0,0,0,0,0,
43,56,1,3,16,17,-10,-25,-4,0,0,0,0,0,0,0,0,0,0,0,0,0,1,0,-28,-30,21,44,14,3,3,2,2,2,2,2,2,4,17,26,-7,-33,-12,0,0,0,0,0,0,0,0,0,0,0,0,0,0,-2,2,-6,-20,2,31,20,3,2,2,2,2,2,2,2,2,2,2,2,2,2,2,1,2,3,12,3,-7,-14,-3,0,0,0,0,0,0,0,0,0,0,0,0,0,0,2,1,-4,-10,4,22,13,3,0,1,2,3,2,2,2,2,2,2,2,2,3,2,3,2,2,4,17,4,-17,-21,0,0,0,0,0,0,0,0,0,0,0,0,0,0,0,0,0,1,0,-32,-30,27,46,13,2,1,2,3,2,2,2,2,2,2,2,2,2,2,2,2,2,2,2,14,54,8,-55,-33,0,0,0,0,0,0,0,0,0,0,0,0,0,0,0,0,0,0,0,0,
43,55,4,2,17,7,-18,-23,-1,-2,0,0,0,0,0,0,0,0,0,0,0,0,2,1,-28,-26,23,40,11,4,2,2,2,2,2,2,2,4,21,21,-18,-33,-3,0,0,0,0,0,0,0,0,0,0,0,0,0,0,-1,0,-17,-22,12,38,17,3,2,2,2,2,2,2,2,2,2,2,2,2,2,2,1,1,4,8,0,-14,-13,0,0,0,0,0,0,0,0,0,0,0,0,0,0,0,1,2,-10,-6,13,25,9,4,2,2,3,2,2,2,2,2,2,2,2,2,2,2,2,1,2,7,19,1,-20,-20,0,0,0,0,0,0,0,0,0,0,0,0,0,0,0,0,0,1,1,-31,-28,28,42,10,2,2,2,3,2,2,2,2,2,2,2,2,2,2,2,2,2,2,3,13,51,14,-54,-42,0,0,0,0,0,0,0,0,0,0,0,0,0,0,0,0,0,0,0,0,
44,59,3,8,17,0,-21,-17,0,-3,0,0,0,0,0,0,0,0,0,0,0,0,3,2,-26,-21,24,31,6,2,2,2,2,2,2,3,2,5,26,16,-26,-35,0,0,0,0,0,0,0,0,0,0,0,0,0,0,0,2,1,-23,-23,17,36,15,2,3,2,2,2,2,2,2,2,2,2,2,2,2,2,2,1,6,4,-8,-15,-5,0,0,0,0,0,0,0,0,0,0,0,0,0,0,0,2,1,-10,-1,20,22,4,4,1,2,2,2,2,2,2,2,2,2,3,2,3,2,2,1,4,10,19,-1,-25,-14,0,0,0,0,0,0,0,0,0,0,0,0,0,0,0,0,0,2,1,-29,-21,28,37,8,2,3,2,2,2,2,2,2,2,2,2,2,2,2,2,2,2,2,2,12,50,22,-52,-46,0,0,0,0,0,0,0,0,0,0,0,0,0,0,0,0,0,0,0,0,
42,62,8,11,10,-10,-22,-6,0,0,0,0,0,0,0,0,0,0,0,0,0,0,3,0,-24,-12,29,27,3,2,2,2,2,2,2,2,1,7,32,15,-34,-36,0,0,0,0,0,0,0,0,0,0,0,0,0,0,-1,3,1,-23,-19,22,32,10,3,3,2,2,2,2,2,2,2,2,2,2,2,2,2,3,2,9,1,-8,-18,-1,0,0,0,0,0,0,0,0,0,0,0,0,0,0,1,0,-3,-8,6,25,13,2,3,1,2,3,2,2,2,2,2,2,3,2,1,2,2,2,1,3,12,10,-10,-23,-5,0,0,0,0,0,0,0,0,0,0,0,0,0,0,0,0,0,3,0,-31,-15,30,32,6,2,3,2,2,2,2,2,2,2,2,2,2,2,2,2,2,2,2,2,10,49,27,-46,-48,-1,-1,0,0,0,0,0,0,0,0,0,0,0,0,0,0,0,0,0,0,
36,64,12,15,7,-14,-20,0,0,0,0,0,0,0,0,0,0,0,0,0,0,0,2,-7,-26,0,36,24,3,2,1,2,2,2,2,2,1,8,40,15,-39,-38,0,0,0,0,0,0,0,0,0,0,0,0,0,0,0,2,1,-21,-11,25,27,5,3,2,2,2,2,2,2,2,2,2,2,2,2,2,3,4,3,2,-3,-10,-7,0,0,0,0,0,0,0,0,0,0,0,0,0,0,0,3,2,-7,-8,12,22,7,2,1,3,2,3,2,2,2,2,2,2,2,2,2,2,3,2,2,3,17,4,-18,-19,0,0,0,0,0,0,0,0,0,0,0,0,0,0,0,0,0,-2,5,-8,-31,-5,34,27,4,2,2,2,2,2,2,2,2,2,2,2,2,2,2,2,2,2,2,2,9,47,34,-37,-49,-4,-1,0,0,0,0,0,0,0,0,0,0,0,0,0,0,0,0,0,0,
23,64,23,12,0,-10,-12,0,0,0,0,0,0,0,0,0,0,0,0,0,0,1,3,-13,-28,10,41,21,2,2,2,2,2,2,2,2,2,10,43,16,-41,-37,0,0,0,0,0,0,0,0,0,0,0,0,0,0,0,2,-3,-23,-3,30,24,2,2,2,2,2,2,2,2,2,2,2,2,2,2,2,2,1,7,0,-7,-13,-2,0,0,0,0,0,0,0,0,0,0,0,0,0,0,1,1,2,-3,0,14,18,6,3,2,2,3,1,2,2,2,2,2,2,2,2,2,2,2,3,3,8,17,0,-18,-17,-1,0,0,0,0,0,0,0,0,0,0,0,0,0,0,0,0,-2,4,-9,-32,0,40,25,4,2,2,2,2,2,2,2,2,2,2,2,2,2,2,2,2,2,2,2,8,40,38,-34,-51,-7,-1,-1,0,0,0,0,0,0,0,0,0,0,0,0,0,0,0,0,0,
7,55,33,11,0,-10,-3,0,0,0,0,0,0,0,0,0,0,0,0,0,0,0,0,-20,-28,13,43,16,2,2,2,2,1,2,3,2,2,11,41,11,-39,-33,0,-1,0,0,0,0,0,0,0,0,0,0,0,0,0,3,-11,-26,7,36,22,4,3,2,2,2,2,2,2,2,2,2,2,2,2,2,2,1,6,-1,-11,-9,0,0,0,0,0,0,0,0,0,0,0,0,0,0,0,3,2,1,-2,5,13,11,3,3,2,2,1,2,2,2,2,2,2,2,2,1,3,2,2,3,3,11,8,-6,-20,-5,0,0,0,0,0,0,0,0,0,0,0,0,0,0,0,0,0,-2,2,-13,-35,5,44,22,2,2,2,2,2,2,2,2,2,2,2,2,2,2,2,2,2,2,2,2,7,38,40,-28,-51,-10,-1,-1,0,0,0,0,0,0,0,0,0,0,0,0,0,0,0,0,0,
-13,34,41,20,-1,-5,0,0,0,0,0,0,0,0,0,0,0,0,0,0,0,2,0,-28,-27,24,44,12,3,3,3,2,1,2,3,3,3,13,35,7,-35,-27,0,-1,0,0,0,0,0,0,0,0,0,0,0,0,0,2,-19,-31,14,45,18,3,2,2,2,2,2,2,2,2,1,2,1,2,1,3,2,2,1,-6,-11,-8,0,0,0,0,0,0,0,0,0,0,0,0,0,0,0,0,1,1,4,10,13,4,2,2,3,2,2,3,3,2,2,2,2,2,2,2,1,2,1,2,3,18,5,-16,-19,0,0,0,0,0,0,0,0,0,0,0,0,0,0,0,0,0,0,-3,2,-17,-33,11,45,23,2,2,2,2,2,2,2,2,2,2,2,2,2,2,2,2,2,2,2,2,5,33,40,-27,-49,-12,-1,-1,0,0,0,0,0,0,0,0,0,0,0,0,0,0,0,0,0,
-22,20,38,24,0,-1,0,0,0,0,0,0,0,0,0,0,0,0,0,0,0,2,1,-31,-24,26,39,9,3,3,2,2,2,2,2,1,2,12,21,-2,-27,-10,0,0,0,0,0,0,0,0,0,0,0,0,0,0,0,1,-25,-34,20,46,16,2,3,2,2,2,2,2,2,1,2,2,4,2,3,1,2,1,-2,0,-4,0,0,0,0,0,0,0,0,0,0,0,0,0,0,0,2,2,3,1,5,9,7,2,2,2,2,2,2,2,2,2,2,2,2,2,2,2,2,2,3,4,6,16,0,-21,-19,0,-1,0,0,0,0,0,0,0,0,0,0,0,0,0,0,0,0,-1,3,-23,-34,14,49,20,2,2,2,2,2,2,2,2,2,2,2,2,2,2,2,2,2,2,2,2,5,31,42,-24,-47,-14,0,-1,0,0,0,0,0,0,0,0,0,0,0,0,0,0,0,0,0,
-21,13,31,23,1,0,0,0,0,0,0,0,0,0,0,0,0,0,0,0,0,3,1,-29,-22,24,35,7,3,2,2,2,2,2,1,1,4,14,8,-13,-22,0,0,0,0,0,0,0,0,0,0,0,0,0,0,0,1,0,-32,-32,23,48,14,3,2,2,2,2,2,2,2,2,2,2,1,2,2,1,1,-1,-5,-4,0,0,0,0,0,0,0,0,0,0,0,0,0,0,0,1,1,0,1,7,8,8,2,2,2,2,2,3,3,2,2,2,2,2,2,2,2,2,2,1,2,2,9,13,-3,-19,-8,0,0,0,0,0,0,0,0,0,0,0,0,0,0,0,0,0,0,0,3,-26,-37,16,50,19,2,2,2,2,2,2,2,2,2,2,2,2,2,2,2,2,2,2,2,2,4,29,42,-19,-48,-16,0,-1,0,0,0,0,0,0,0,0,0,0,0,0,0,0,0,0,0,
-12,11,20,7,0,0,0,0,0,0,0,0,0,0,0,0,0,0,0,0,-2,3,0,-27,-16,28,32,8,2,1,2,2,3,1,1,1,2,10,1,-14,-13,0,0,0,0,0,0,0,0,0,0,0,0,0,0,0,1,0,-34,-31,29,47,13,3,2,2,2,2,2,2,2,2,2,1,3,3,2,0,-1,-7,-5,-4,0,0,0,0,0,0,0,0,0,0,0,0,0,0,0,2,1,-5,0,14,15,6,3,2,2,2,2,2,2,2,2,2,2,2,2,2,2,2,3,2,3,5,13,6,-12,-17,-2,0,0,0,0,0,0,0,0,0,0,0,0,0,0,0,0,0,0,0,3,-27,-38,16,49,19,2,2,2,2,2,2,2,2,2,2,2,2,2,2,2,2,2,2,2,2,4,29,43,-15,-48,-16,0,0,0,0,0,0,0,0,0,0,0,0,0,0,0,0,0,0,0,
-4,6,11,1,0,0,0,0,0,0,0,0,0,0,0,0,0,0,0,0,-2,3,-4,-28,-4,33,26,4,2,2,2,4,2,1,2,3,5,6,-1,-13,-8,0,0,0,0,0,0,0,0,0,0,0,0,0,0,0,1,0,-37,-33,29,46,11,3,2,2,2,2,2,2,2,3,2,2,0,1,1,0,0,-5,-3,0,0,0,0,0,1,0,0,0,0,0,0,0,0,0,0,3,2,-12,-1,15,16,4,2,2,2,2,2,2,2,2,2,2,2,2,2,2,2,2,2,1,1,7,11,0,-16,-12,0,-2,0,0,0,0,0,0,0,0,0,0,0,0,0,0,0,0,0,0,2,-26,-36,18,48,16,2,2,2,2,2,2,2,2,2,2,2,2,2,2,2,2,2,2,2,2,4,24,40,-15,-47,-15,-1,0,0,0,0,0,0,0,0,0,0,0,0,0,0,0,0,0,0,
-1,5,4,0,0,0,0,0,0,0,0,0,0,0,0,0,0,0,0,0,-1,2,-11,-28,3,38,22,2,2,2,2,2,1,2,4,1,3,-3,-6,-12,0,-1,0,0,0,0,0,0,0,0,0,0,0,0,0,0,1,0,-34,-33,28,45,11,2,2,2,2,2,2,2,3,1,2,2,3,2,4,0,-5,-5,-3,-1,0,1,0,0,0,0,0,0,0,0,0,0,0,0,0,4,0,-16,-2,21,21,5,4,2,2,2,2,2,2,2,2,2,2,2,2,2,2,3,1,2,1,10,9,-9,-18,-9,0,0,0,0,0,0,0,0,0,0,0,0,0,0,0,0,0,0,0,0,1,-25,-31,22,48,15,2,2,2,2,2,2,2,2,2,2,2,2,2,2,2,2,2,2,2,2,4,23,35,-16,-41,-13,-1,0,0,0,0,0,0,0,0,0,0,0,0,0,0,0,0,0,0,
0,0,0,0,0,0,0,0,0,0,0,0,0,0,0,0,0,0,0,0,1,1,-20,-30,13,43,19,3,3,4,1,2,1,2,2,0,0,-4,-5,-3,0,0,0,0,0,0,0,0,0,0,0,0,0,0,0,0,1,1,-32,-28,30,43,9,2,2,2,2,2,2,2,2,2,2,3,1,1,3,-5,-9,-9,-2,0,0,0,0,0,0,0,0,0,0,0,0,0,0,0,-1,2,-5,-16,4,28,13,3,2,2,2,2,2,2,2,2,2,2,2,2,2,2,2,2,2,2,5,12,2,-11,-17,-1,0,0,0,0,0,0,0,0,0,0,0,0,0,0,0,0,0,0,0,0,1,-30,-32,26,49,14,2,2,2,2,2,2,2,2,2,2,2,2,2,2,2,2,2,2,2,2,4,25,32,-21,-39,-9,0,-1,0,0,0,0,0,0,0,0,0,0,0,0,0,0,0,0,0,
0,0,0,0,0,0,0,0,0,0,0,0,0,0,0,0,0,0,0,0,1,0,-26,-29,19,45,17,3,3,2,2,1,3,2,0,-2,-3,-3,-4,-1,0,0,0,0,0,0,0,0,0,0,0,0,0,0,0,0,1,0,-36,-20,35,40,9,2,3,2,2,2,2,2,2,2,3,2,2,3,5,-3,-9,-5,0,0,0,0,0,0,0,0,0,0,0,0,0,0,0,0,0,0,-17,-19,17,38,15,4,3,2,2,2,2,2,2,2,2,2,2,2,2,2,2,2,3,2,7,12,-2,-16,-11,0,0,0,0,0,0,0,0,0,0,0,0,0,0,0,0,0,0,0,0,0,1,-33,-31,29,51,13,2,2,2,2,2,2,2,2,2,2,2,2,2,2,2,2,2,2,2,2,5,29,35,-22,-43,-8,0,-1,0,0,0,0,0,0,0,0,0,0,0,0,0,0,0,0,0,
0,0,0,0,0,0,0,0,0,0,0,0,0,0,0,0,0,0,0,0,2,0,-31,-31,24,43,13,3,2,3,2,1,2,2,1,-5,-10,-2,0,0,0,0,0,0,0,0,0,0,0,0,0,0,0,0,0,0,1,-1,-43,-22,42,45,8,3,2,2,2,2,2,2,2,4,2,2,1,3,2,-6,-9,-4,0,0,0,0,0,0,0,0,0,0,0,0,0,0,0,0,2,1,-24,-20,25,39,13,1,2,2,2,2,2,2,2,2,2,2,2,2,2,2,2,2,3,1,10,9,-11,-20,-3,0,0,0,0,0,0,0,0,0,0,0,0,0,0,0,0,0,0,0,0,1,0,-39,-33,30,51,13,2,2,2,2,2,2,2,2,2,2,2,2,2,2,2,2,2,2,2,2,5,29,34,-23,-44,-6,0,0,0,0,0,0,0,0,0,0,0,0,0,0,0,0,0,0,0,
0,0,0,0,0,0,0,0,0,0,0,0,0,0,0,0,0,0,0,0,2,0,-34,-28,27,42,11,3,1,2,3,2,2,0,2,-5,-8,-4,0,0,0,0,0,0,0,0,0,0,0,0,0,0,0,0,0,0,1,-1,-47,-26,43,46,8,2,2,2,2,2,2,2,2,1,2,3,0,3,-1,-1,-2,0,0,0,0,0,0,0,0,0,0,0,0,0,0,0,0,0,1,1,-29,-20,27,38,7,3,2,2,2,2,2,2,2,2,2,2,2,2,2,2,2,2,2,3,17,4,-18,-19,0,0,0,0,0,0,0,0,0,0,0,0,0,0,0,0,0,0,0,0,0,1,0,-39,-36,31,52,13,2,2,2,2,2,2,2,2,2,2,2,2,2,2,2,2,2,2,2,2,6,28,27,-24,-42,-4,0,0,0,0,0,0,0,0,0,0,0,0,0,0,0,0,0,0,0,
0,0,0,0,0,0,0,0,0,0,0,0,0,0,0,0,0,0,0,0,1,1,-30,-24,29,41,8,2,1,2,2,4,1,3,0,-5,-6,-1,0,0,0,0,0,0,0,0,0,0,0,0,0,0,0,0,0,0,1,1,-45,-29,38,48,10,2,2,2,2,2,2,2,2,2,1,3,3,-2,-8,-5,0,0,0,0,0,0,0,0,0,0,0,0,0,0,0,0,0,0,2,1,-26,-16,30,32,5,1,3,3,2,2,2,2,2,2,2,2,2,2,2,2,2,1,1,8,15,0,-17,-19,0,0,0,0,0,0,0,0,0,0,0,0,0,0,0,0,0,0,0,0,0,1,0,-36,-35,29,46,12,2,2,2,2,2,2,2,2,2,2,2,2,2,2,2,2,2,2,2,2,6,30,26,-28,-42,-4,0,0,0,0,0,0,0,0,0,0,0,0,0,0,0,0,0,0,0,
0,0,0,0,0,0,0,0,0,0,0,0,0,0,0,0,0,0,0,0,1,0,-29,-19,31,36,6,2,1,2,2,4,1,1,-2,-5,-9,-1,-1,0,0,0,0,0,0,0,0,0,0,0,0,0,0,0,0,0,2,1,-36,-24,33,40,9,2,2,2,2,2,2,2,2,2,1,1,8,-3,-10,-9,0,0,0,0,0,0,0,0,0,0,0,0,0,0,0,0,0,0,2,-2,-26,-5,32,29,3,2,3,2,2,2,2,2,2,2,2,2,2,2,2,2,2,1,3,14,15,-6,-19,-6,0,0,0,0,0,0,0,0,0,0,0,0,0,0,0,0,0,0,0,0,0,1,0,-34,-30,30,43,10,2,2,2,2,2,2,2,2,2,2,2,2,2,2,2,2,2,2,2,2,7,35,28,-30,-45,-3,0,0,0,0,0,0,0,0,0,0,0,0,0,0,0,0,0,0,0,
0,0,0,0,0,0,0,0,0,0,0,0,0,0,0,0,0,0,0,0,2,-4,-32,-10,35,32,6,2,2,2,3,3,6,0,-9,-8,-4,0,0,0,0,0,0,0,0,0,0,0,0,0,0,0,0,0,0,0,2,0,-29,-15,30,31,4,2,2,2,2,2,2,2,2,3,1,4,2,-4,-10,-8,0,0,0,0,0,0,0,0,0,0,0,0,0,0,0,0,0,0,3,-7,-29,1,37,26,4,1,2,2,2,2,2,2,2,2,2,2,2,2,2,2,2,2,3,17,8,-17,-21,0,0,0,0,0,0,0,0,0,0,0,0,0,0,0,0,0,0,0,0,0,0,1,0,-38,-25,36,45,9,2,2,2,2,2,2,2,2,2,2,2,2,2,2,2,2,2,2,2,2,7,34,27,-29,-45,-4,0,0,0,0,0,0,0,0,0,0,0,0,0,0,0,0,0,0,0,
0,0,0,0,0,0,0,0,0,0,0,0,0,0,0,0,0,0,0,0,2,-8,-35,-6,37,29,5,2,3,2,2,5,9,0,-12,-13,0,0,0,0,0,0,0,0,0,0,0,0,0,0,0,0,0,0,0,0,2,-4,-28,-5,33,25,4,2,2,2,2,2,2,2,3,4,1,3,-3,-2,-8,-1,-1,0,0,0,0,0,0,0,0,0,0,0,0,0,0,0,0,0,3,-11,-32,5,41,22,4,2,2,2,2,2,2,2,2,2,2,2,2,2,2,2,2,3,6,18,3,-20,-23,-1,0,0,0,0,0,0,0,0,0,0,0,0,0,0,0,0,0,0,0,0,0,1,0,-44,-26,40,49,9,2,2,2,2,2,2,2,2,2,2,2,2,2,2,2,2,2,2,2,2,8,35,28,-31,-42,0,0,0,0,0,0,0,0,0,0,0,0,0,0,0,0,0,0,0,0,
0,0,0,0,0,0,0,0,0,0,0,0,0,0,0,0,0,0,0,0,2,-12,-39,-2,44,28,4,2,3,2,3,5,6,-6,-11,-5,0,0,0,0,0,0,0,0,0,0,0,0,0,0,0,0,0,0,0,0,3,-9,-30,4,39,25,3,2,2,2,2,2,2,2,2,3,3,1,-7,-7,-4,0,0,0,0,0,0,0,0,0,0,0,0,0,0,0,0,0,0,0,2,-15,-29,10,43,22,3,2,2,2,2,2,2,2,2,2,2,2,2,2,2,2,2,2,8,16,0,-20,-17,-2,-1,0,0,0,0,0,0,0,0,0,0,0,0,0,0,0,0,0,0,0,0,0,0,-49,-34,41,54,11,2,2,2,2,2,2,2,2,2,2,2,2,2,2,2,2,2,2,2,2,8,34,22,-34,-41,0,-1,0,0,0,0,0,0,0,0,0,0,0,0,0,0,0,0,0,0,
0,0,0,0,0,0,0,0,0,0,0,0,0,0,0,0,0,0,0,0,3,-10,-36,1,44,27,4,2,2,2,3,13,3,-16,-15,0,-2,0,0,0,0,0,0,0,0,0,0,0,0,0,0,0,0,0,0,0,3,-14,-31,7,43,20,2,2,2,2,2,2,2,2,2,4,9,-2,-10,-11,-1,0,0,0,0,0,0,0,0,0,0,0,0,0,0,0,0,0,0,0,2,-21,-29,15,46,16,3,3,2,2,2,2,2,2,2,2,2,2,2,2,2,2,2,4,16,10,-15,-19,-4,0,0,0,0,0,0,0,0,0,0,0,0,0,0,0,0,0,0,0,0,0,0,0,1,-45,-40,38,55,13,2,2,2,2,2,2,2,2,2,2,2,2,2,2,2,2,2,2,2,2,7,38,19,-35,-41,0,0,0,0,0,0,0,0,0,0,0,0,0,0,0,0,0,0,0,0,
0,0,0,0,0,0,0,0,0,0,0,0,0,0,0,0,0,0,0,-2,1,-19,-54,-28,26,20,1,1,1,1,8,38,33,-3,-14,1,-1,-1,0,0,0,0,0,0,0,0,0,0,0,0,0,0,0,0,0,-2,3,-24,-55,-20,30,17,1,1,2,1,1,1,1,1,2,13,35,23,-2,-8,0,-1,0,0,0,0,0,0,0,0,0,0,0,0,0,0,0,0,0,0,1,-32,-51,-10,34,12,2,1,1,1,1,1,1,1,1,1,1,1,1,1,1,1,1,5,39,40,-3,-18,0,0,-1,0,0,0,0,0,0,0,0,0,0,0,0,0,0,0,0,0,0,0,0,0,0,-45,-63,2,39,11,1,1,1,1,1,1,1,1,1,1,1,1,1,1,1,1,1,1,1,1,9,51,49,-13,-32,0,0,0,0,0,0,0,0,0,0,0,0,0,0,0,0,0,0,0,0,
0,0,0,0,0,0,0,0,0,0,0,0,0,0,0,0,0,0,0,-3,0,-21,-58,-47,1,11,0,0,0,0,8,48,56,13,-11,1,0,-1,0,0,0,0,0,0,0,0,0,0,0,0,0,0,0,0,0,-4,0,-27,-62,-43,8,7,-1,0,0,0,0,0,0,0,1,18,52,44,7,-4,0,0,0,0,0,0,0,0,0,0,0,0,0,0,0,0,0,0,0,-1,0,-32,-64,-37,11,7,-1,0,0,0,0,0,0,0,0,0,0,0,0,0,0,0,0,7,46,59,14,-13,2,1,0,0,0,0,0,0,0,0,0,0,0,0,0,0,0,0,0,0,0,0,0,-1,0,-40,-72,-31,15,6,0,0,0,0,0,0,0,0,0,0,0,0,0,0,0,0,0,0,0,0,7,51,67,11,-15,0,0,0,0,0,0,0,0,0,0,0,0,0,0,0,0,0,0,0,0,
